section,variable,satellite,r,bias_pct,RMSE,MdSA_pct,N
a_chla_1to1,CPHY$_{S3}$ vs aLH$_{676}$→CHL,S3A,0.72,-31.6,2.01,52.2,162
a_chla_1to1,CPHY$_{S3}$ vs aLH$_{676}$→CHL,S3B,0.74,-20.7,2.06,49.3,137
a_chla_1to1,CPHY$_{S3}$ vs aLH$_{676}$→CHL,All,0.73,-28.3,2.03,51.8,299
a_chla_1to1,CPHY$_{S3}$ vs CHL$_A$,S3A,0.73,-20.5,1.7,42.6,164
a_chla_1to1,CPHY$_{S3}$ vs CHL$_A$,S3B,0.72,-5.8,1.71,46.1,145
a_chla_1to1,CPHY$_{S3}$ vs CHL$_A$,All,0.72,-18.0,1.71,45.0,309
a_chla_1to1,CPHY$_{S3}$ vs CHL$_F$,S3A,0.64,28.3,1.81,61.6,173
a_chla_1to1,CPHY$_{S3}$ vs CHL$_F$,S3B,0.71,34.5,1.82,49.5,153
a_chla_1to1,CPHY$_{S3}$ vs CHL$_F$,All,0.68,30.1,1.81,54.3,326
a_chla_1to1,CPHY$_{S3}$ vs CPHY$_R$,S3A,0.72,-23.9,1.79,53.9,116
a_chla_1to1,CPHY$_{S3}$ vs CPHY$_R$,S3B,0.66,-5.4,2.0,64.9,99
a_chla_1to1,CPHY$_{S3}$ vs CPHY$_R$,All,0.68,-15.8,1.89,57.4,215
a_chla_pairwise_1to1,CHL_A_vs_aLH676,All,0.87,-9.5,1.38,25.7,287
a_chla_pairwise_1to1,CHL_F_vs_aLH676,All,0.86,-74.2,2.36,75.8,295
a_chla_pairwise_1to1,CPHY_R_vs_aLH676,All,0.78,-27.9,1.86,38.1,195
a_chla_pairwise_1to1,CHL_F_vs_CHL_A,All,0.83,-62.1,1.86,62.8,304
a_chla_pairwise_1to1,CPHY_R_vs_CHL_A,All,0.76,-20.6,1.77,32.3,194
a_chla_pairwise_1to1,CPHY_R_vs_CHL_F,All,0.81,29.7,1.88,44.8,211
c1_a_wc_sat_vs_a_wc,c1_a_wc_sat_vs_a_wc_442.5nm,S3A,0.49,-159.8,0.27,159.8,81
c1_a_wc_sat_vs_a_wc,c1_a_wc_sat_vs_a_wc_442.5nm,S3B,0.53,-177.7,0.29,177.7,65
c1_a_wc_sat_vs_a_wc,c1_a_wc_sat_vs_a_wc_442.5nm,All,0.5,-169.6,0.28,169.6,146
c1_a_wc_sat_vs_a_wc,c1_a_wc_sat_vs_a_wc_490nm,S3A,0.45,-124.9,0.15,124.9,81
c1_a_wc_sat_vs_a_wc,c1_a_wc_sat_vs_a_wc_490nm,S3B,0.53,-128.0,0.15,128.0,65
c1_a_wc_sat_vs_a_wc,c1_a_wc_sat_vs_a_wc_490nm,All,0.48,-127.8,0.15,127.8,146
c1_a_wc_sat_vs_a_wc,c1_a_wc_sat_vs_a_wc_510nm,S3A,0.41,-111.2,0.11,111.2,81
c1_a_wc_sat_vs_a_wc,c1_a_wc_sat_vs_a_wc_510nm,S3B,0.5,-121.6,0.11,121.6,65
c1_a_wc_sat_vs_a_wc,c1_a_wc_sat_vs_a_wc_510nm,All,0.44,-120.1,0.11,120.1,146
c1_a_wc_sat_vs_a_wc,c1_a_wc_sat_vs_a_wc_560nm,S3A,0.2,-84.2,0.062,86.7,81
c1_a_wc_sat_vs_a_wc,c1_a_wc_sat_vs_a_wc_560nm,S3B,0.29,-100.9,0.058,101.8,65
c1_a_wc_sat_vs_a_wc,c1_a_wc_sat_vs_a_wc_560nm,All,0.23,-87.0,0.06,93.9,146
c1_a_wc_sat_vs_a_wc,c1_a_wc_sat_vs_a_wc_665nm,S3A,0.59,-42.0,0.039,54.9,81
c1_a_wc_sat_vs_a_wc,c1_a_wc_sat_vs_a_wc_665nm,S3B,0.71,-41.7,0.035,50.7,65
c1_a_wc_sat_vs_a_wc,c1_a_wc_sat_vs_a_wc_665nm,All,0.64,-41.9,0.037,52.6,146
c1b_a_wc_sat_vs_a_wc_2bands,c1b_a_wc_sat_vs_a_wc_2bands_442.5nm,S3A,0.49,-159.8,0.27,159.8,81
c1b_a_wc_sat_vs_a_wc_2bands,c1b_a_wc_sat_vs_a_wc_2bands_442.5nm,S3B,0.53,-177.7,0.29,177.7,65
c1b_a_wc_sat_vs_a_wc_2bands,c1b_a_wc_sat_vs_a_wc_2bands_442.5nm,All,0.5,-169.6,0.28,169.6,146
c1b_a_wc_sat_vs_a_wc_2bands,c1b_a_wc_sat_vs_a_wc_2bands_665nm,S3A,0.59,-42.0,0.039,54.9,81
c1b_a_wc_sat_vs_a_wc_2bands,c1b_a_wc_sat_vs_a_wc_2bands_665nm,S3B,0.71,-41.7,0.035,50.7,65
c1b_a_wc_sat_vs_a_wc_2bands,c1b_a_wc_sat_vs_a_wc_2bands_665nm,All,0.64,-41.9,0.037,52.6,146
c2_a_wc_R_vs_a_wc,c2_a_wc_R_vs_a_wc_442.5nm,S3A,0.48,-100.5,0.23,100.5,51
c2_a_wc_R_vs_a_wc,c2_a_wc_R_vs_a_wc_442.5nm,S3B,0.44,-100.4,0.22,100.4,37
c2_a_wc_R_vs_a_wc,c2_a_wc_R_vs_a_wc_442.5nm,All,0.47,-100.5,0.22,100.5,88
c2_a_wc_R_vs_a_wc,c2_a_wc_R_vs_a_wc_490nm,S3A,0.5,-88.1,0.13,88.1,51
c2_a_wc_R_vs_a_wc,c2_a_wc_R_vs_a_wc_490nm,S3B,0.47,-92.6,0.13,92.6,37
c2_a_wc_R_vs_a_wc,c2_a_wc_R_vs_a_wc_490nm,All,0.49,-91.2,0.13,91.2,88
c2_a_wc_R_vs_a_wc,c2_a_wc_R_vs_a_wc_510nm,S3A,0.56,-93.5,0.099,93.5,51
c2_a_wc_R_vs_a_wc,c2_a_wc_R_vs_a_wc_510nm,S3B,0.52,-98.2,0.094,98.2,37
c2_a_wc_R_vs_a_wc,c2_a_wc_R_vs_a_wc_510nm,All,0.54,-95.0,0.097,95.0,88
c2_a_wc_R_vs_a_wc,c2_a_wc_R_vs_a_wc_560nm,S3A,0.7,-63.7,0.047,63.7,51
c2_a_wc_R_vs_a_wc,c2_a_wc_R_vs_a_wc_560nm,S3B,0.64,-71.7,0.047,71.7,37
c2_a_wc_R_vs_a_wc,c2_a_wc_R_vs_a_wc_560nm,All,0.68,-69.4,0.047,69.4,88
c2_a_wc_R_vs_a_wc,c2_a_wc_R_vs_a_wc_665nm,S3A,0.6,-62.6,0.043,62.6,51
c2_a_wc_R_vs_a_wc,c2_a_wc_R_vs_a_wc_665nm,S3B,0.61,-67.3,0.044,67.9,37
c2_a_wc_R_vs_a_wc,c2_a_wc_R_vs_a_wc_665nm,All,0.6,-63.8,0.043,64.8,88
c3_a_wc_sat_vs_a_wc_R,c3_a_wc_sat_vs_a_wc_R_442.5nm,S3A,0.87,-36.2,0.084,36.2,116
c3_a_wc_sat_vs_a_wc_R,c3_a_wc_sat_vs_a_wc_R_442.5nm,S3B,0.75,-33.6,0.094,34.0,99
c3_a_wc_sat_vs_a_wc_R,c3_a_wc_sat_vs_a_wc_R_442.5nm,All,0.81,-34.8,0.089,35.0,215
c3_a_wc_sat_vs_a_wc_R,c3_a_wc_sat_vs_a_wc_R_490nm,S3A,0.88,-24.7,0.049,24.7,116
c3_a_wc_sat_vs_a_wc_R,c3_a_wc_sat_vs_a_wc_R_490nm,S3B,0.76,-18.8,0.056,24.8,99
c3_a_wc_sat_vs_a_wc_R,c3_a_wc_sat_vs_a_wc_R_490nm,All,0.81,-22.7,0.052,24.7,215
c3_a_wc_sat_vs_a_wc_R,c3_a_wc_sat_vs_a_wc_R_510nm,S3A,0.86,-24.0,0.036,24.5,116
c3_a_wc_sat_vs_a_wc_R,c3_a_wc_sat_vs_a_wc_R_510nm,S3B,0.75,-21.0,0.04,25.4,99
c3_a_wc_sat_vs_a_wc_R,c3_a_wc_sat_vs_a_wc_R_510nm,All,0.8,-22.3,0.038,24.5,215
c3_a_wc_sat_vs_a_wc_R,c3_a_wc_sat_vs_a_wc_R_560nm,S3A,0.67,-32.1,0.034,33.1,116
c3_a_wc_sat_vs_a_wc_R,c3_a_wc_sat_vs_a_wc_R_560nm,S3B,0.65,-28.2,0.032,31.7,99
c3_a_wc_sat_vs_a_wc_R,c3_a_wc_sat_vs_a_wc_R_560nm,All,0.66,-30.5,0.033,32.7,215
c3_a_wc_sat_vs_a_wc_R,c3_a_wc_sat_vs_a_wc_R_665nm,S3A,0.75,-6.1,0.028,34.5,116
c3_a_wc_sat_vs_a_wc_R,c3_a_wc_sat_vs_a_wc_R_665nm,S3B,0.68,9.0,0.035,43.3,99
c3_a_wc_sat_vs_a_wc_R,c3_a_wc_sat_vs_a_wc_R_665nm,All,0.71,-0.2,0.031,39.0,215
d_bb_discrete_1to1,bb_wc_708.75nm,S3A,0.86,-68.6,0.0088,70.4,173
d_bb_discrete_1to1,bb_wc_708.75nm,S3B,0.87,-67.1,0.0086,68.4,153
d_bb_discrete_1to1,bb_wc_708.75nm,All,0.86,-68.4,0.0087,68.6,326
d_bb_discrete_1to1,bb_wc_620nm,S3A,0.86,-58.1,0.0083,58.3,174
d_bb_discrete_1to1,bb_wc_620nm,S3B,0.87,-55.6,0.0088,55.6,153
d_bb_discrete_1to1,bb_wc_620nm,All,0.86,-57.2,0.0085,57.9,327
d_bb_discrete_1to1,bb_wc_510nm,S3A,0.84,-70.8,0.01,70.8,173
d_bb_discrete_1to1,bb_wc_510nm,S3B,0.85,-70.3,0.01,70.3,152
d_bb_discrete_1to1,bb_wc_510nm,All,0.84,-70.4,0.01,70.4,325
d_bb_discrete_1to1,bb_wc_442.5nm,S3A,0.79,-36.9,0.011,41.5,173
d_bb_discrete_1to1,bb_wc_442.5nm,S3B,0.83,-38.7,0.01,39.6,152
d_bb_discrete_1to1,bb_wc_442.5nm,All,0.81,-37.6,0.011,40.0,325
d2_bb_wc_sat_vs_bb_wc,d2_bb_wc_sat_vs_bb_wc_442.5nm,S3A,0.79,-36.9,0.011,41.5,173
d2_bb_wc_sat_vs_bb_wc,d2_bb_wc_sat_vs_bb_wc_442.5nm,S3B,0.83,-38.7,0.01,39.6,152
d2_bb_wc_sat_vs_bb_wc,d2_bb_wc_sat_vs_bb_wc_442.5nm,All,0.81,-37.6,0.011,40.0,325
d2_bb_wc_sat_vs_bb_wc,d2_bb_wc_sat_vs_bb_wc_510nm,S3A,0.84,-70.8,0.01,70.8,173
d2_bb_wc_sat_vs_bb_wc,d2_bb_wc_sat_vs_bb_wc_510nm,S3B,0.85,-70.3,0.01,70.3,152
d2_bb_wc_sat_vs_bb_wc,d2_bb_wc_sat_vs_bb_wc_510nm,All,0.84,-70.4,0.01,70.4,325
d2_bb_wc_sat_vs_bb_wc,d2_bb_wc_sat_vs_bb_wc_620nm,S3A,0.86,-58.1,0.0083,58.3,174
d2_bb_wc_sat_vs_bb_wc,d2_bb_wc_sat_vs_bb_wc_620nm,S3B,0.87,-55.6,0.0088,55.6,153
d2_bb_wc_sat_vs_bb_wc,d2_bb_wc_sat_vs_bb_wc_620nm,All,0.86,-57.2,0.0085,57.9,327
d2_bb_wc_sat_vs_bb_wc,d2_bb_wc_sat_vs_bb_wc_708.75nm,S3A,0.86,-68.6,0.0088,70.4,173
d2_bb_wc_sat_vs_bb_wc,d2_bb_wc_sat_vs_bb_wc_708.75nm,S3B,0.87,-67.1,0.0086,68.4,153
d2_bb_wc_sat_vs_bb_wc,d2_bb_wc_sat_vs_bb_wc_708.75nm,All,0.86,-68.4,0.0087,68.6,326
d3_bb_wc_R_vs_bb_wc,d3_bb_wc_R_vs_bb_wc_442.5nm,S3A,0.7,-36.1,0.013,45.7,114
d3_bb_wc_R_vs_bb_wc,d3_bb_wc_R_vs_bb_wc_442.5nm,S3B,0.67,-49.5,0.011,52.4,98
d3_bb_wc_R_vs_bb_wc,d3_bb_wc_R_vs_bb_wc_442.5nm,All,0.69,-42.8,0.012,47.4,212
d3_bb_wc_R_vs_bb_wc,d3_bb_wc_R_vs_bb_wc_510nm,S3A,0.78,-55.1,0.011,56.2,114
d3_bb_wc_R_vs_bb_wc,d3_bb_wc_R_vs_bb_wc_510nm,S3B,0.76,-67.2,0.01,67.2,98
d3_bb_wc_R_vs_bb_wc,d3_bb_wc_R_vs_bb_wc_510nm,All,0.77,-61.9,0.011,63.1,212
d3_bb_wc_R_vs_bb_wc,d3_bb_wc_R_vs_bb_wc_620nm,S3A,0.78,-38.4,0.0093,40.3,114
d3_bb_wc_R_vs_bb_wc,d3_bb_wc_R_vs_bb_wc_620nm,S3B,0.75,-43.6,0.0094,44.8,98
d3_bb_wc_R_vs_bb_wc,d3_bb_wc_R_vs_bb_wc_620nm,All,0.77,-40.3,0.0094,42.7,212
d3_bb_wc_R_vs_bb_wc,d3_bb_wc_R_vs_bb_wc_708.75nm,S3A,0.81,-45.2,0.0096,47.6,113
d3_bb_wc_R_vs_bb_wc,d3_bb_wc_R_vs_bb_wc_708.75nm,S3B,0.79,-47.2,0.0086,48.5,98
d3_bb_wc_R_vs_bb_wc,d3_bb_wc_R_vs_bb_wc_708.75nm,All,0.8,-46.3,0.0092,48.1,211
d4_bb_wc_sat_vs_bb_wc_R,d4_bb_wc_sat_vs_bb_wc_R_442.5nm,S3A,0.81,-6.8,0.0044,23.4,116
d4_bb_wc_sat_vs_bb_wc_R,d4_bb_wc_sat_vs_bb_wc_R_442.5nm,S3B,0.78,1.1,0.0043,23.1,99
d4_bb_wc_sat_vs_bb_wc_R,d4_bb_wc_sat_vs_bb_wc_R_442.5nm,All,0.8,-2.9,0.0043,23.1,215
d4_bb_wc_sat_vs_bb_wc_R,d4_bb_wc_sat_vs_bb_wc_R_490nm,S3A,0.81,-8.8,0.0043,24.0,116
d4_bb_wc_sat_vs_bb_wc_R,d4_bb_wc_sat_vs_bb_wc_R_490nm,S3B,0.78,-0.7,0.0042,23.0,99
d4_bb_wc_sat_vs_bb_wc_R,d4_bb_wc_sat_vs_bb_wc_R_490nm,All,0.8,-3.8,0.0043,23.8,215
d4_bb_wc_sat_vs_bb_wc_R,d4_bb_wc_sat_vs_bb_wc_R_510nm,S3A,0.81,-9.3,0.0043,24.5,116
d4_bb_wc_sat_vs_bb_wc_R,d4_bb_wc_sat_vs_bb_wc_R_510nm,S3B,0.78,-1.0,0.0042,25.1,99
d4_bb_wc_sat_vs_bb_wc_R,d4_bb_wc_sat_vs_bb_wc_R_510nm,All,0.79,-5.4,0.0042,25.0,215
d4_bb_wc_sat_vs_bb_wc_R,d4_bb_wc_sat_vs_bb_wc_R_560nm,S3A,0.81,-10.3,0.0043,25.0,116
d4_bb_wc_sat_vs_bb_wc_R,d4_bb_wc_sat_vs_bb_wc_R_560nm,S3B,0.77,0.2,0.0041,25.5,99
d4_bb_wc_sat_vs_bb_wc_R,d4_bb_wc_sat_vs_bb_wc_R_560nm,All,0.79,-5.9,0.0042,25.0,215
d4_bb_wc_sat_vs_bb_wc_R,d4_bb_wc_sat_vs_bb_wc_R_665nm,S3A,0.81,-11.0,0.0042,28.2,116
d4_bb_wc_sat_vs_bb_wc_R,d4_bb_wc_sat_vs_bb_wc_R_665nm,S3B,0.77,-0.1,0.0041,26.6,99
d4_bb_wc_sat_vs_bb_wc_R,d4_bb_wc_sat_vs_bb_wc_R_665nm,All,0.79,-8.6,0.0042,27.7,215
e_Rrs_S3_OLCI_(input)_vs_In-situ_Rrs_—_all_bands,Rrs_400.0nm,All,0.84,18.3,0.0023,40.5,215
e_Rrs_S3_OLCI_(input)_vs_In-situ_Rrs_—_all_bands,Rrs_412.5nm,All,0.85,41.6,0.0025,44.8,215
e_Rrs_S3_OLCI_(input)_vs_In-situ_Rrs_—_all_bands,Rrs_442.5nm,All,0.86,41.2,0.0025,42.3,215
e_Rrs_S3_OLCI_(input)_vs_In-situ_Rrs_—_all_bands,Rrs_490.0nm,All,0.86,18.4,0.0021,25.5,215
e_Rrs_S3_OLCI_(input)_vs_In-situ_Rrs_—_all_bands,Rrs_510.0nm,All,0.87,14.5,0.002,23.5,215
e_Rrs_S3_OLCI_(input)_vs_In-situ_Rrs_—_all_bands,Rrs_560.0nm,All,0.89,12.5,0.002,21.4,215
e_Rrs_S3_OLCI_(input)_vs_In-situ_Rrs_—_all_bands,Rrs_620.0nm,All,0.76,-2.1,0.00066,30.8,215
e_Rrs_S3_OLCI_(input)_vs_In-situ_Rrs_—_all_bands,Rrs_665.0nm,All,0.6,-95.6,0.00067,99.0,215
e_Rrs_S3_OLCI_(input)_vs_In-situ_Rrs_—_all_bands,Rrs_681.25nm,All,0.48,-72.4,0.00071,77.4,215
e_Rrs_S3_OLCI_(input)_vs_In-situ_Rrs_—_all_bands,Rrs_708.75nm,All,0.43,-127.1,0.00059,143.9,215
e_Rrs_S3_OLCI_(input)_vs_In-situ_Rrs_—_weighted,Rrs_442.5nm,All,0.86,41.2,0.0025,42.3,215
e_Rrs_S3_OLCI_(input)_vs_In-situ_Rrs_—_weighted,Rrs_490.0nm,All,0.86,18.4,0.0021,25.5,215
e_Rrs_S3_OLCI_(input)_vs_In-situ_Rrs_—_weighted,Rrs_510.0nm,All,0.87,14.5,0.002,23.5,215
e_Rrs_S3_OLCI_(input)_vs_In-situ_Rrs_—_weighted,Rrs_560.0nm,All,0.89,12.5,0.002,21.4,215
e_Rrs_S3_OLCI_(input)_vs_In-situ_Rrs_—_weighted,Rrs_665.0nm,All,0.6,-95.6,0.00067,99.0,215
e_Rrs_MiniWASI_(fitted)_vs_In-situ_Rrs_—_weighted_bands,Rrs_442.5nm,All,0.82,36.8,0.0021,37.9,215
e_Rrs_MiniWASI_(fitted)_vs_In-situ_Rrs_—_weighted_bands,Rrs_490.0nm,All,0.86,19.8,0.0024,27.5,215
e_Rrs_MiniWASI_(fitted)_vs_In-situ_Rrs_—_weighted_bands,Rrs_510.0nm,All,0.87,16.4,0.0021,23.0,215
e_Rrs_MiniWASI_(fitted)_vs_In-situ_Rrs_—_weighted_bands,Rrs_560.0nm,All,0.89,8.9,0.0018,21.5,215
e_Rrs_MiniWASI_(fitted)_vs_In-situ_Rrs_—_weighted_bands,Rrs_665.0nm,All,0.65,2.0,0.00056,37.7,215
e_Rrs_MiniWASI_(fitted)_vs_In-situ_Rrs_—_all_bands,Rrs_400.0nm,All,0.65,62.5,0.0027,67.4,215
e_Rrs_MiniWASI_(fitted)_vs_In-situ_Rrs_—_all_bands,Rrs_412.5nm,All,0.73,57.0,0.0024,59.3,215
e_Rrs_MiniWASI_(fitted)_vs_In-situ_Rrs_—_all_bands,Rrs_442.5nm,All,0.82,36.8,0.0021,37.9,215
e_Rrs_MiniWASI_(fitted)_vs_In-situ_Rrs_—_all_bands,Rrs_490.0nm,All,0.86,19.8,0.0024,27.5,215
e_Rrs_MiniWASI_(fitted)_vs_In-situ_Rrs_—_all_bands,Rrs_510.0nm,All,0.87,16.4,0.0021,23.0,215
e_Rrs_MiniWASI_(fitted)_vs_In-situ_Rrs_—_all_bands,Rrs_560.0nm,All,0.89,8.9,0.0018,21.5,215
e_Rrs_MiniWASI_(fitted)_vs_In-situ_Rrs_—_all_bands,Rrs_620.0nm,All,0.73,0.1,0.00079,30.6,215
e_Rrs_MiniWASI_(fitted)_vs_In-situ_Rrs_—_all_bands,Rrs_665.0nm,All,0.65,2.0,0.00056,37.7,215
e_Rrs_MiniWASI_(fitted)_vs_In-situ_Rrs_—_all_bands,Rrs_681.25nm,All,0.52,-11.8,0.00059,47.7,215
e_Rrs_MiniWASI_(fitted)_vs_In-situ_Rrs_—_all_bands,Rrs_708.75nm,All,0.51,10.7,0.00036,51.0,215
f_CDOM_NAP_1to1,C_x_sat,S3A,0.79,-7.6,0.51,41.0,116
f_CDOM_NAP_1to1,C_x_sat,S3B,0.75,-0.0,0.51,37.8,99
f_CDOM_NAP_1to1,C_x_sat,All,0.77,-5.3,0.51,39.9,215
f_CDOM_NAP_1to1,C_y_sat,S3A,0.24,-345027331291.8,0.071,345027331291.8,116
f_CDOM_NAP_1to1,C_y_sat,S3B,0.21,-394061677686.0,0.078,394061677686.0,99
f_CDOM_NAP_1to1,C_y_sat,All,0.2,-363225900649.0,0.074,363225900649.0,215
I_correlation_grid,NAP$_R$_vs_CHL$_A$,All,0.17,,,,193
I_correlation_grid,CDOM$_R$_vs_CHL$_A$,All,0.29,,,,194
I_correlation_grid,CDOM$_R$_vs_NAP$_R$,All,-0.47,,,,214
I_correlation_grid,NAP$_{S3}$_vs_CPHY$_{S3}$,All,-0.38,,,,355
I_correlation_grid,CDOM$_{S3}$_vs_CPHY$_{S3}$,All,0.28,,,,354
I_correlation_grid,CDOM$_{S3}$_vs_NAP$_{S3}$,All,-0.37,,,,354
I_correlation_grid,CHL$_A$_vs_NAP$_{S3}$,All,-0.03,,,,309
I_correlation_grid,CHL$_A$_vs_CDOM$_{S3}$,All,0.07,,,,308
I_correlation_grid,NAP$_R$_vs_CDOM$_{S3}$,All,-0.19,,,,213
I_correlation_grid,NAP$_R$_vs_CPHY$_{S3}$,All,-0.1,,,,214
I_correlation_grid,CDOM$_R$_vs_CPHY$_{S3}$,All,0.56,,,,215
I_correlation_grid,CDOM$_R$_vs_NAP$_{S3}$,All,-0.53,,,,215
