insitu_date;product_sensing_start;product_name;product_uuid;product_satellite;product_sensor;L2_file;station;lat;lon
21.04.2016;2016-04-21T10:09:02.290481Z;S3A_OL_1_EFR____20160421T100902_20160421T101202_20241003T102553_0180_003_179_2160_MAR_R_NT_004.SEN3;def9fb39-944d-3b60-b2ad-466b1f8a2679;S3A;OLCI;France_Geneva_chlorophyll_a_20160421.nc;SHL2;46.453457;6.5942335
06.06.2016;2016-06-06T10:16:34.455870Z;S3A_OL_1_EFR____20160606T101634_20160606T101934_20241003T093019_0179_005_065_2160_MAR_R_NT_004.SEN3;7e5e6723-479a-3e59-9d51-1fd4acd0774f;S3A;OLCI;France_Geneva_chlorophyll_a_20160606.nc;SHL2;46.453457;6.5942335
23.06.2016;2016-06-23T09:35:27.378638Z;S3A_OL_1_EFR____20160623T093527_20160623T093827_20241003T144443_0179_005_307_2160_MAR_R_NT_004.SEN3;a982a09e-001d-3e55-ac64-2cc144459930;S3A;OLCI;France_Geneva_chlorophyll_a_20160623.nc;SHL2;46.453457;6.5942335
05.07.2016;2016-07-05T09:24:14.068669Z;S3A_OL_1_EFR____20160705T092414_20160705T092714_20241003T141652_0179_006_093_2160_MAR_R_NT_004.SEN3;4dac8953-b3af-3d59-99c5-3e71ffd7ee74;S3A;OLCI;France_Geneva_chlorophyll_a_20160705.nc;SHL2;46.453457;6.5942335
08.08.2016;2016-08-08T09:42:54.716269Z;S3A_OL_1_EFR____20160808T094255_20160808T094555_20241003T183400_0179_007_193_2160_MAR_R_NT_004.SEN3;ee2e0031-5d7c-3619-9b79-c4c2793cf232;S3A;OLCI;France_Geneva_chlorophyll_a_20160808.nc;SHL2;46.453457;6.5942335
24.08.2016;2016-08-24T09:27:55.554699Z;S3A_OL_1_EFR____20160824T092756_20160824T093056_20241003T183535_0180_008_036_2160_MAR_R_NT_004.SEN3;4433a96c-3a0d-3a8a-86db-9c85964ad63f;S3A;OLCI;France_Geneva_chlorophyll_a_20160824.nc;SHL2;46.453457;6.5942335
07.09.2016;2016-09-07T10:05:21.027262Z;S3A_OL_1_EFR____20160907T100521_20160907T100821_20241003T195904_0179_008_236_2160_MAR_R_NT_004.SEN3;50c355a3-aec7-3f7b-8254-ce98bacfa4b9;S3A;OLCI;France_Geneva_chlorophyll_a_20160907.nc;SHL2;46.453457;6.5942335
19.09.2016;2016-09-19T09:54:11.030819Z;S3A_OL_1_EFR____20160919T095411_20160919T095711_20241003T183443_0179_009_022_2160_MAR_R_NT_004.SEN3;414d4fdf-f70b-3eb8-acb6-af9059865e86;S3A;OLCI;France_Geneva_chlorophyll_a_20160919.nc;SHL2;46.453457;6.5942335
17.10.2016;2016-10-17T09:28:00.506065Z;S3A_OL_1_EFR____20161017T092801_20161017T093101_20241003T211737_0179_010_036_2160_MAR_R_NT_004.SEN3;819dd732-1b93-3bf3-8f74-3ce93167c2a8;S3A;OLCI;France_Geneva_chlorophyll_a_20161017.nc;SHL2;46.453457;6.5942335
15.11.2016;2016-11-15T10:16:34.880163Z;S3A_OL_1_EFR____20161115T101635_20161115T101935_20241004T001727_0180_011_065_2160_MAR_R_NT_004.SEN3;fa7ac3bd-1bd4-32b4-9dc6-f167cf1b2416;S3A;OLCI;France_Geneva_chlorophyll_a_20161115.nc;SHL2;46.453457;6.5942335
08.03.2017;2017-03-08T09:46:38.833308Z;S3A_OL_1_EFR____20170308T094639_20170308T094939_20241002T121550_0179_015_136_2160_MAR_R_NT_004.SEN3;e41e9129-923d-3beb-ad08-a978dac65080;S3A;OLCI;France_Geneva_chlorophyll_a_20170308.nc;SHL2;46.453457;6.5942335
20.03.2017;2017-03-20T09:35:26.301269Z;S3A_OL_1_EFR____20170320T093526_20170320T093826_20241002T144713_0179_015_307_2160_MAR_R_NT_004.SEN3;18296a26-8265-3c6f-8291-8e7023cde2f1;S3A;OLCI;France_Geneva_chlorophyll_a_20170320.nc;SHL2;46.453457;6.5942335
02.05.2017;2017-05-02T09:20:34.498344Z;S3A_OL_1_EFR____20170502T092034_20170502T092334_20241002T162618_0180_017_150_2160_MAR_R_NT_004.SEN3;3e63f644-7ff1-32bc-b3f0-55caac55d405;S3A;OLCI;France_Geneva_chlorophyll_a_20170502.nc;SHL2;46.453457;6.5942335
15.05.2017;2017-05-15T10:24:12.294152Z;S3A_OL_1_EFR____20170515T102412_20170515T102712_20241002T150304_0179_017_336_2160_MAR_R_NT_004.SEN3;bf728c89-2efe-344f-87a2-8e0eddd88e1e;S3A;OLCI;France_Geneva_chlorophyll_a_20170515.nc;SHL2;46.453457;6.5942335
01.06.2017;2017-06-01T09:43:05.395082Z;S3A_OL_1_EFR____20170601T094305_20170601T094605_20241002T190521_0179_018_193_2160_MAR_R_NT_004.SEN3;205208b0-b08b-3d8c-a3dc-93ea28981a8c;S3A;OLCI;France_Geneva_chlorophyll_a_20170601.nc;SHL2;46.453457;6.5942335
20.06.2017;2017-06-20T09:50:33.697185Z;S3A_OL_1_EFR____20170620T095034_20170620T095334_20241002T204717_0179_019_079_2160_MAR_R_NT_004.SEN3;cd5ee4ec-0d1c-37bd-8877-6d19cd85d736;S3A;OLCI;France_Geneva_chlorophyll_a_20170620.nc;SHL2;46.453457;6.5942335
18.07.2017;2017-07-18T09:24:19.841837Z;S3A_OL_1_EFR____20170718T092420_20170718T092720_20241002T194010_0180_020_093_2160_MAR_R_NT_004.SEN3;07ee429c-4173-3948-92d5-818e6c9396c5;S3A;OLCI;France_Geneva_chlorophyll_a_20170718.nc;SHL2;46.453457;6.5942335
09.08.2017;2017-08-09T09:54:13.701906Z;S3A_OL_1_EFR____20170809T095414_20170809T095714_20241002T230139_0179_021_022_2160_MAR_R_NT_004.SEN3;4f27d6db-b067-3cc9-98f3-1dd76a49a2dd;S3A;OLCI;France_Geneva_chlorophyll_a_20170809.nc;SHL2;46.453457;6.5942335
04.09.2017;2017-09-04T10:20:20.090833Z;S3A_OL_1_EFR____20170904T102020_20170904T102320_20241002T234601_0179_022_008_2160_MAR_R_NT_004.SEN3;30b2b094-e902-30d7-ac74-5a2e1cf52e2a;S3A;OLCI;France_Geneva_chlorophyll_a_20170904.nc;SHL2;46.453457;6.5942335
25.09.2017;2017-09-25T09:35:29.268551Z;S3A_OL_1_EFR____20170925T093529_20170925T093829_20241002T232906_0179_022_307_2160_MAR_R_NT_004.SEN3;4bc27813-4bc8-35fd-8dd3-2cced8d48ccc;S3A;OLCI;France_Geneva_chlorophyll_a_20170925.nc;SHL2;46.453457;6.5942335
09.10.2017;2017-10-09T10:12:55.777973Z;S3A_OL_1_EFR____20171009T101256_20171009T101556_20241002T234753_0179_023_122_2160_MAR_R_NT_004.SEN3;f80169a5-f58c-3c73-815b-cd7c1209d890;S3A;OLCI;France_Geneva_chlorophyll_a_20171009.nc;SHL2;46.453457;6.5942335
24.10.2017;2017-10-24T10:24:10.373782Z;S3A_OL_1_EFR____20171024T102410_20171024T102710_20241003T031758_0179_023_336_2160_MAR_R_NT_004.SEN3;57221ee2-a22e-35dd-8d3e-85c7e9b30e1e;S3A;OLCI;France_Geneva_chlorophyll_a_20171024.nc;SHL2;46.453457;6.5942335
21.11.2017;2017-11-21T09:57:57.701928Z;S3A_OL_1_EFR____20171121T095758_20171121T100058_20241003T044036_0179_024_350_2160_MAR_R_NT_004.SEN3;a79125b4-53a5-3422-9985-02e56185e460;S3A;OLCI;France_Geneva_chlorophyll_a_20171121.nc;SHL2;46.453457;6.5942335
21.12.2017;2017-12-21T10:20:23.245594Z;S3A_OL_1_EFR____20171221T102023_20171221T102323_20241003T044016_0179_026_008_2160_MAR_R_NT_004.SEN3;76d0ac53-c540-380e-8632-6b59c86a28ca;S3A;OLCI;France_Geneva_chlorophyll_a_20171221.nc;SHL2;46.453457;6.5942335
23.01.2018;2018-01-23T09:24:21.128673Z;S3A_OL_1_EFR____20180123T092421_20180123T092721_20240530T093147_0179_027_093_2160_MAR_R_NT_004.SEN3;c6966788-1e39-31e6-9ffb-ce9f36954e83;S3A;OLCI;France_Geneva_chlorophyll_a_20180123.nc;SHL2;46.453457;6.5942335
14.02.2018;2018-02-14T09:54:16.603317Z;S3A_OL_1_EFR____20180214T095417_20180214T095717_20240530T110740_0179_028_022_2160_MAR_R_NT_004.SEN3;2be65edc-68e3-3a52-b423-57b532ffe53f;S3A;OLCI;France_Geneva_chlorophyll_a_20180214.nc;SHL2;46.453457;6.5942335
06.03.2018;2018-03-06T09:35:32.229388Z;S3A_OL_1_EFR____20180306T093532_20180306T093832_20240530T125857_0179_028_307_2160_MAR_R_NT_004.SEN3;8dd07703-6ff6-3aff-be5c-6e309908bc9e;S3A;OLCI;France_Geneva_chlorophyll_a_20180306.nc;SHL2;46.453457;6.5942335
09.04.2018;2018-04-09T09:54:17.405348Z;S3A_OL_1_EFR____20180409T095417_20180409T095717_20240530T152732_0179_030_022_2160_MAR_R_NT_004.SEN3;f1790762-c10f-30ff-8cbf-73a83463d59c;S3A;OLCI;France_Geneva_chlorophyll_a_20180409.nc;SHL2;46.453457;6.5942335
24.04.2018;2018-04-24T10:05:32.124700Z;S3A_OL_1_EFR____20180424T100532_20180424T100832_20240530T165847_0180_030_236_2160_MAR_R_NT_004.SEN3;346f8a18-d53a-3daa-ac4a-14eb00a18032;S3A;OLCI;France_Geneva_chlorophyll_a_20180424.nc;SHL2;46.453457;6.5942335
15.05.2018;2018-05-15T09:20:39.255628Z;S3A_OL_1_EFR____20180515T092039_20180515T092339_20240530T181221_0179_031_150_2160_MAR_R_NT_004.SEN3;901b710b-eb3b-38cd-a5fa-46a55dcb6ba9;S3A;OLCI;France_Geneva_chlorophyll_a_20180515.nc;SHL2;46.453457;6.5942335
15.05.2018;2018-05-15T10:18:29.736745Z;S3B_OL_1_EFR____20180515T101830_20180515T102130_20240620T114335_0179_003_136_2160_MAR_R_NT_004.SEN3;b5774ed5-a434-3f0f-a36f-2cef06fdc942;S3B;OLCI;France_Geneva_chlorophyll_a_20180515.nc;SHL2;46.453457;6.5942335
28.05.2018;2018-05-28T10:24:14.148977Z;S3A_OL_1_EFR____20180528T102414_20180528T102714_20240530T192819_0179_031_336_2160_MAR_R_NT_004.SEN3;d5b3eda1-d1fd-3b90-98a6-bf1f881910b3;S3A;OLCI;France_Geneva_chlorophyll_a_20180528.nc;SHL2;46.453457;6.5942335
28.05.2018;2018-05-28T10:19:58.286264Z;S3B_OL_1_EFR____20180528T101958_20180528T102258_20240620T122554_0180_005_008_2160_MAR_R_NT_004.SEN3;04de938d-4c2f-323b-bbe0-2f57cf496c29;S3B;OLCI;France_Geneva_chlorophyll_a_20180528.nc;SHL2;46.453457;6.5942335
02.07.2018;2018-07-02T10:16:46.323981Z;S3A_OL_1_EFR____20180702T101646_20180702T101946_20240530T233319_0179_033_065_2160_MAR_R_NT_004.SEN3;9e2ee240-0bc9-361d-acdd-c57b6a2b964c;S3A;OLCI;France_Geneva_chlorophyll_a_20180702.nc;SHL2;46.453457;6.5942335
30.07.2018;2018-07-30T09:50:32.134152Z;S3A_OL_1_EFR____20180730T095032_20180730T095332_20240531T020326_0179_034_079_2160_MAR_R_NT_004.SEN3;bec9859f-2e79-3164-accf-be4cba809354;S3A;OLCI;France_Geneva_chlorophyll_a_20180730.nc;SHL2;46.453457;6.5942335
22.08.2018;2018-08-22T09:54:13.965923Z;S3A_OL_1_EFR____20180822T095414_20180822T095714_20240531T040428_0180_035_022_2160_MAR_R_NT_004.SEN3;60da9b0c-4b2c-3db8-b5f4-2563628c5af6;S3A;OLCI;France_Geneva_chlorophyll_a_20180822.nc;SHL2;46.453457;6.5942335
22.08.2018;2018-08-22T09:53:44.032217Z;S3B_OL_1_EFR____20180822T095344_20180822T095644_20240620T212552_0179_012_022_2160_MAR_R_NT_004.SEN3;29d2096a-d315-3d42-9fe3-ba5cad2e0d0a;S3B;OLCI;France_Geneva_chlorophyll_a_20180822.nc;SHL2;46.453457;6.5942335
26.09.2018;2018-09-26T09:46:49.318908Z;S3A_OL_1_EFR____20180926T094649_20180926T094949_20240531T061425_0179_036_136_2160_MAR_R_NT_004.SEN3;d59717c8-494f-3a0a-9fa7-2db3a4537fef;S3A;OLCI;France_Geneva_chlorophyll_a_20180926.nc;SHL2;46.453457;6.5942335
26.09.2018;2018-09-26T09:46:18.198346Z;S3B_OL_1_EFR____20180926T094618_20180926T094918_20240621T000822_0179_013_136_2160_MAR_R_NT_004.SEN3;a86ae0b5-b12c-32d6-aa4f-b50b3f7b8422;S3B;OLCI;France_Geneva_chlorophyll_a_20180926.nc;SHL2;46.453457;6.5942335
24.10.2018;2018-10-24T09:20:40.350514Z;S3A_OL_1_EFR____20181024T092040_20181024T092340_20240531T085758_0179_037_150_2160_MAR_R_NT_004.SEN3;b7c97a5a-1557-390a-9632-53f6f6cf2f35;S3A;OLCI;France_Geneva_chlorophyll_a_20181024.nc;SHL2;46.453457;6.5942335
24.10.2018;2018-10-24T09:17:33.233551Z;S3B_OL_1_EFR____20181024T091733_20181024T092033_20240621T022922_0180_015_150_2160_MAR_R_NT_004.SEN3;f4f9bd6e-9257-3596-99b7-3bb269ab6790;S3B;OLCI;France_Geneva_chlorophyll_a_20181024.nc;SHL2;46.453457;6.5942335
12.11.2018;2018-11-12T09:28:08.280841Z;S3A_OL_1_EFR____20181112T092808_20181112T093108_20240531T094016_0179_038_036_2160_MAR_R_NT_004.SEN3;1d01e881-8b2a-3472-8451-da66f31b500f;S3A;OLCI;France_Geneva_chlorophyll_a_20181112.nc;SHL2;46.453457;6.5942335
28.11.2018;2018-11-28T10:14:35.661567Z;S3B_OL_1_EFR____20181128T101436_20181128T101736_20240621T074834_0179_019_122_2160_MAR_R_NT_004.SEN3;64ad4419-c8fb-380e-bb66-60b05dd8a27f;S3B;OLCI;France_Geneva_chlorophyll_a_20181128.nc;SHL2;46.453457;6.5942335
18.12.2018;2018-12-18T09:55:52.846109Z;S3B_OL_1_EFR____20181218T095553_20181218T095853_20240525T053651_0179_020_022_2160_MAR_R_NT_004.SEN3;50882afe-a27e-3e0a-993b-7ba3db882f2f;S3B;OLCI;France_Geneva_chlorophyll_a_20181218.nc;SHL2;46.453457;6.5942335
15.01.2019;2019-01-15T10:09:15.003644Z;S3A_OL_1_EFR____20190115T100915_20190115T101215_20240531T135711_0179_040_179_2160_MAR_R_NT_004.SEN3;22580231-68c1-33d5-ae9d-d46c70b5ad1a;S3A;OLCI;France_Geneva_chlorophyll_a_20190115.nc;SHL2;46.453457;6.5942335
15.01.2019;2019-01-15T09:29:44.578822Z;S3B_OL_1_EFR____20190115T092945_20190115T093245_20240525T071958_0179_021_036_2160_MAR_R_NT_004.SEN3;1d896ccc-96c7-3ebd-9015-1cc438770464;S3B;OLCI;France_Geneva_chlorophyll_a_20190115.nc;SHL2;46.453457;6.5942335
14.02.2019;2019-02-14T09:52:10.856384Z;S3B_OL_1_EFR____20190214T095211_20190214T095511_20240525T085119_0179_022_079_2160_MAR_R_NT_004.SEN3;07e837e4-5a00-3540-bd0a-73e0388160a5;S3B;OLCI;France_Geneva_chlorophyll_a_20190214.nc;SHL2;46.453457;6.5942335
06.03.2019;2019-03-06T09:33:32.739871Z;S3B_OL_1_EFR____20190306T093333_20190306T093633_20240525T065100_0179_022_364_2160_MAR_R_NT_004.SEN3;815976d4-eb51-3542-9b5a-5b48f21c7c70;S3B;OLCI;France_Geneva_chlorophyll_a_20190306.nc;SHL2;46.453457;6.5942335
06.03.2019;2019-03-06T10:12:58.946914Z;S3A_OL_1_EFR____20190306T101259_20190306T101559_20240531T174602_0180_042_122_2160_MAR_R_NT_004.SEN3;c95912f4-da4a-3c72-9fef-2f6772611cfc;S3A;OLCI;France_Geneva_chlorophyll_a_20190306.nc;SHL2;46.453457;6.5942335
21.03.2019;2019-03-21T09:44:47.910731Z;S3B_OL_1_EFR____20190321T094448_20190321T094748_20240525T090120_0180_023_193_2160_MAR_R_NT_004.SEN3;86aa65fa-1990-300c-a773-d26158c6c640;S3B;OLCI;France_Geneva_chlorophyll_a_20190321.nc;SHL2;46.453457;6.5942335
21.03.2019;2019-03-21T10:24:12.890090Z;S3A_OL_1_EFR____20190321T102413_20190321T102713_20240531T185343_0179_042_336_2160_MAR_R_NT_004.SEN3;77809af3-ae43-3de6-bac6-09494b7a8aef;S3A;OLCI;France_Geneva_chlorophyll_a_20190321.nc;SHL2;46.453457;6.5942335
01.04.2019;2019-04-01T09:59:46.378138Z;S3B_OL_1_EFR____20190401T095946_20190401T100246_20240525T105817_0179_023_350_2160_MAR_R_NT_004.SEN3;9909f0dc-c6b0-3900-b6b7-3b8964cef515;S3B;OLCI;France_Geneva_chlorophyll_a_20190401.nc;SHL2;46.453457;6.5942335
23.04.2019;2019-04-23T09:28:12.541608Z;S3A_OL_1_EFR____20190423T092813_20190423T093113_20240531T210713_0179_044_036_2160_MAR_R_NT_004.SEN3;814db71c-ece2-3f47-a80a-47e0a4cdd124;S3A;OLCI;France_Geneva_chlorophyll_a_20190423.nc;SHL2;46.453457;6.5942335
20.05.2019;2019-05-20T09:28:13.798006Z;S3A_OL_1_EFR____20190520T092814_20190520T093114_20240531T225139_0179_045_036_2160_MAR_R_NT_004.SEN3;c2c7161a-4033-3d43-b91b-e25064451735;S3A;OLCI;France_Geneva_chlorophyll_a_20190520.nc;SHL2;46.453457;6.5942335
03.06.2019;2019-06-03T10:05:37.286737Z;S3A_OL_1_EFR____20190603T100537_20190603T100837_20240531T233001_0179_045_236_2160_MAR_R_NT_004.SEN3;12e1fc5a-74d7-3e86-bbf7-ef753b558d9b;S3A;OLCI;France_Geneva_chlorophyll_a_20190603.nc;SHL2;46.453457;6.5942335
03.06.2019;2019-06-03T09:26:00.478020Z;S3B_OL_1_EFR____20190603T092600_20190603T092900_20240525T104039_0179_026_093_2160_MAR_R_NT_004.SEN3;a852bd85-4844-369b-9622-437a86821544;S3B;OLCI;France_Geneva_chlorophyll_a_20190603.nc;SHL2;46.453457;6.5942335
26.06.2019;2019-06-26T09:29:44.143158Z;S3B_OL_1_EFR____20190626T092944_20190626T093244_20240525T120220_0179_027_036_2160_MAR_R_NT_004.SEN3;e0e4eb96-6fa2-3998-ae01-b57137bb1045;S3B;OLCI;France_Geneva_chlorophyll_a_20190626.nc;SHL2;46.453457;6.5942335
26.06.2019;2019-06-26T10:09:21.302654Z;S3A_OL_1_EFR____20190626T100921_20190626T101221_20240601T012859_0179_046_179_2160_MAR_R_NT_004.SEN3;0696e720-845e-3229-a519-214b1ca8577b;S3A;OLCI;France_Geneva_chlorophyll_a_20190626.nc;SHL2;46.453457;6.5942335
11.07.2019;2019-07-11T10:20:34.451935Z;S3A_OL_1_EFR____20190711T102034_20190711T102334_20240601T023642_0179_047_008_2160_MAR_R_NT_004.SEN3;413af6fd-ba48-317a-a6dc-816e4d53afb4;S3A;OLCI;France_Geneva_chlorophyll_a_20190711.nc;SHL2;46.453457;6.5942335
11.07.2019;2019-07-11T09:40:59.172697Z;S3B_OL_1_EFR____20190711T094059_20190711T094359_20240525T152223_0179_027_250_2160_MAR_R_NT_004.SEN3;db3d5aad-8e40-3041-a292-c04e034be231;S3B;OLCI;France_Geneva_chlorophyll_a_20190711.nc;SHL2;46.453457;6.5942335
24.07.2019;2019-07-24T09:43:09.505946Z;S3A_OL_1_EFR____20190724T094310_20190724T094609_20240601T023632_0179_047_193_2160_MAR_R_NT_004.SEN3;194f55ee-62ea-3882-a2a1-7123fdbd58ac;S3A;OLCI;France_Geneva_chlorophyll_a_20190724.nc;SHL2;46.453457;6.5942335
07.08.2019;2019-08-07T10:20:32.127483Z;S3A_OL_1_EFR____20190807T102032_20190807T102332_20240601T034823_0179_048_008_2160_MAR_R_NT_004.SEN3;636132a4-39d3-37f7-9be4-39e67752dd5e;S3A;OLCI;France_Geneva_chlorophyll_a_20190807.nc;SHL2;46.453457;6.5942335
07.08.2019;2019-08-07T09:41:00.031358Z;S3B_OL_1_EFR____20190807T094100_20190807T094400_20240525T155621_0179_028_250_2160_MAR_R_NT_004.SEN3;f522688b-2fdd-38ba-9110-d691cb8d03f3;S3B;OLCI;France_Geneva_chlorophyll_a_20190807.nc;SHL2;46.453457;6.5942335
28.08.2019;2019-08-28T09:35:35.566849Z;S3A_OL_1_EFR____20190828T093536_20190828T093836_20240601T071009_0179_048_307_2160_MAR_R_NT_004.SEN3;72edd7c4-82e5-304c-8272-8226facef068;S3A;OLCI;France_Geneva_chlorophyll_a_20190828.nc;SHL2;46.453457;6.5942335
11.09.2019;2019-09-11T09:33:29.874679Z;S3B_OL_1_EFR____20190911T093330_20190911T093630_20240525T161126_0179_029_364_2160_MAR_R_NT_004.SEN3;14aec60d-c948-3f9e-b764-97af9acc5ec8;S3B;OLCI;France_Geneva_chlorophyll_a_20190911.nc;SHL2;46.453457;6.5942335
11.09.2019;2019-09-11T10:13:01.931082Z;S3A_OL_1_EFR____20190911T101302_20190911T101602_20240601T071155_0180_049_122_2160_MAR_R_NT_004.SEN3;6c1d54b4-2497-33e2-ad38-fc3cbedf19e9;S3A;OLCI;France_Geneva_chlorophyll_a_20190911.nc;SHL2;46.453457;6.5942335
24.09.2019;2019-09-24T09:35:39.226620Z;S3A_OL_1_EFR____20190924T093539_20190924T093839_20240601T090431_0179_049_307_2160_MAR_R_NT_004.SEN3;7bde3898-d23c-36f7-bbe6-adb3a0e1c36a;S3A;OLCI;France_Geneva_chlorophyll_a_20190924.nc;SHL2;46.453457;6.5942335
14.10.2019;2019-10-14T10:18:19.072690Z;S3B_OL_1_EFR____20191014T101819_20191014T102119_20240525T230327_0179_031_065_2160_MAR_R_NT_004.SEN3;39ed9269-15e6-3cf3-91f8-e6348f1fb025;S3B;OLCI;France_Geneva_chlorophyll_a_20191014.nc;SHL2;46.453457;6.5942335
28.10.2019;2019-10-28T09:54:22.052955Z;S3A_OL_1_EFR____20191028T095422_20191028T095722_20240601T112412_0179_051_022_2160_MAR_R_NT_004.SEN3;0b334d66-e38e-3386-9f8f-858cf64cc470;S3A;OLCI;France_Geneva_chlorophyll_a_20191028.nc;SHL2;46.453457;6.5942335
13.11.2019;2019-11-13T09:39:22.797065Z;S3A_OL_1_EFR____20191113T093923_20191113T094223_20240601T131943_0179_051_250_2160_MAR_R_NT_004.SEN3;c4905ee3-fcf5-388a-86bf-bf5bdb828310;S3A;OLCI;France_Geneva_chlorophyll_a_20191113.nc;SHL2;46.453457;6.5942335
10.12.2019;2019-12-10T09:39:18.577030Z;S3A_OL_1_EFR____20191210T093919_20191210T094219_20240601T143221_0179_052_250_2160_MAR_R_NT_004.SEN3;b1927c80-347b-392e-b638-d659080383b7;S3A;OLCI;France_Geneva_chlorophyll_a_20191210.nc;SHL2;46.453457;6.5942335
23.01.2020;2020-01-23T09:59:39.575896Z;S3B_OL_1_EFR____20200123T095940_20200123T100240_20240526T033658_0179_034_350_2160_MAR_R_NT_004.SEN3;fa2450dd-604b-372d-b853-d30c08c431d1;S3B;OLCI;France_Geneva_chlorophyll_a_20200123.nc;SHL2;46.453457;6.5942335
18.02.2020;2020-02-18T10:25:50.798087Z;S3B_OL_1_EFR____20200218T102551_20200218T102851_20240526T034138_0179_035_336_2160_MAR_R_NT_004.SEN3;514154c7-da1f-3c65-b5c2-4d052cc1123f;S3B;OLCI;France_Geneva_chlorophyll_a_20200218.nc;SHL2;46.453457;6.5942335
18.02.2020;2020-02-18T09:24:25.236718Z;S3A_OL_1_EFR____20200218T092425_20200218T092725_20240601T201314_0179_055_093_2160_MAR_R_NT_004.SEN3;7f8d24aa-e20c-32f3-8219-60cac39ed6fd;S3A;OLCI;France_Geneva_chlorophyll_a_20200218.nc;SHL2;46.453457;6.5942335
05.05.2020;2020-05-05T09:28:16.833745Z;S3A_OL_1_EFR____20200505T092817_20200505T093117_20240602T022713_0179_058_036_2160_MAR_R_NT_004.SEN3;20df605e-3174-3fe2-9a7f-d3bfde696c02;S3A;OLCI;France_Geneva_chlorophyll_a_20200505.nc;SHL2;46.453457;6.5942335
02.06.2020;2020-06-02T10:03:34.152629Z;S3B_OL_1_EFR____20200602T100334_20200602T100634_20240526T072416_0179_039_293_2160_MAR_R_NT_004.SEN3;fc4a43cf-fe39-3985-b78a-f4363fa3a5fd;S3B;OLCI;France_Geneva_chlorophyll_a_20200602.nc;SHL2;46.453457;6.5942335
15.06.2020;2020-06-15T09:26:11.835355Z;S3B_OL_1_EFR____20200615T092612_20200615T092912_20240526T090247_0179_040_093_2160_MAR_R_NT_004.SEN3;1be7f611-243e-3857-8ba7-56de1c5cbe50;S3B;OLCI;France_Geneva_chlorophyll_a_20200615.nc;SHL2;46.453457;6.5942335
15.06.2020;2020-06-15T10:05:39.341841Z;S3A_OL_1_EFR____20200615T100539_20200615T100839_20240602T044518_0179_059_236_2160_MAR_R_NT_004.SEN3;b030b408-7229-3171-aca7-3929e5d7f221;S3A;OLCI;France_Geneva_chlorophyll_a_20200615.nc;SHL2;46.453457;6.5942335
30.06.2020;2020-06-30T10:16:53.131600Z;S3A_OL_1_EFR____20200630T101653_20200630T101953_20240602T054038_0179_060_065_2160_MAR_R_NT_004.SEN3;6e216632-216a-3b46-924e-42bb6395cabe;S3A;OLCI;France_Geneva_chlorophyll_a_20200630.nc;SHL2;46.453457;6.5942335
30.06.2020;2020-06-30T09:37:26.375188Z;S3B_OL_1_EFR____20200630T093726_20200630T094026_20240526T071704_0179_040_307_2160_MAR_R_NT_004.SEN3;c33ef315-85f5-381e-b07c-d45538bb0cd1;S3B;OLCI;France_Geneva_chlorophyll_a_20200630.nc;SHL2;46.453457;6.5942335
20.07.2020;2020-07-20T09:58:11.125897Z;S3A_OL_1_EFR____20200720T095811_20200720T100111_20240602T080943_0179_060_350_2160_MAR_R_NT_004.SEN3;d8b40fff-fb7e-37df-acee-6c1fc2296a83;S3A;OLCI;France_Geneva_chlorophyll_a_20200720.nc;SHL2;46.453457;6.5942335
20.07.2020;2020-07-20T09:18:44.645133Z;S3B_OL_1_EFR____20200720T091845_20200720T092145_20240526T091841_0179_041_207_2160_MAR_R_NT_004.SEN3;0d34436b-9e14-386f-92eb-fc0533c6092e;S3B;OLCI;France_Geneva_chlorophyll_a_20200720.nc;SHL2;46.453457;6.5942335
03.08.2020;2020-08-03T09:56:08.695807Z;S3B_OL_1_EFR____20200803T095609_20200803T095909_20240526T101849_0180_042_022_2160_MAR_R_NT_004.SEN3;2902f196-02d0-3afc-aed7-fcea96ded182;S3B;OLCI;France_Geneva_chlorophyll_a_20200803.nc;SHL2;46.453457;6.5942335
20.08.2020;2020-08-20T09:54:23.936069Z;S3A_OL_1_EFR____20200820T095424_20200820T095724_20240602T100941_0179_062_022_2160_MAR_R_NT_004.SEN3;91215837-6316-3156-9217-2e4636712843;S3A;OLCI;France_Geneva_chlorophyll_a_20200820.nc;SHL2;46.453457;6.5942335
09.09.2020;2020-09-09T09:35:40.807463Z;S3A_OL_1_EFR____20200909T093541_20200909T093841_20240602T111735_0179_062_307_2160_MAR_R_NT_004.SEN3;249a32f8-5481-38f1-a1b8-7d634620b115;S3A;OLCI;France_Geneva_chlorophyll_a_20200909.nc;SHL2;46.453457;6.5942335
23.09.2020;2020-09-23T09:33:39.383030Z;S3B_OL_1_EFR____20200923T093339_20200923T093639_20240526T112632_0179_043_364_2160_MAR_R_NT_004.SEN3;7b52ca8b-651d-3a9d-818d-2efffd90275d;S3B;OLCI;France_Geneva_chlorophyll_a_20200923.nc;SHL2;46.453457;6.5942335
23.09.2020;2020-09-23T10:13:06.729687Z;S3A_OL_1_EFR____20200923T101307_20200923T101607_20240602T122034_0179_063_122_2160_MAR_R_NT_004.SEN3;8ebd281b-f1e5-37c9-83c5-596d0d41ac12;S3A;OLCI;France_Geneva_chlorophyll_a_20200923.nc;SHL2;46.453457;6.5942335
13.10.2020;2020-10-13T09:54:25.809291Z;S3A_OL_1_EFR____20201013T095426_20201013T095726_20240602T142959_0179_064_022_2160_MAR_R_NT_004.SEN3;55e447f7-92e3-3a6a-b9c7-b1546aaf64b5;S3A;OLCI;France_Geneva_chlorophyll_a_20201013.nc;SHL2;46.453457;6.5942335
03.11.2020;2020-11-03T10:11:06.765096Z;S3B_OL_1_EFR____20201103T101107_20201103T101407_20240526T142341_0179_045_179_2160_MAR_R_NT_004.SEN3;9bff68b5-f071-3312-b796-c94552655ca1;S3B;OLCI;France_Geneva_chlorophyll_a_20201103.nc;SHL2;46.453457;6.5942335
18.11.2020;2020-11-18T09:20:43.174089Z;S3A_OL_1_EFR____20201118T092043_20201118T092343_20240602T173218_0179_065_150_2160_MAR_R_NT_004.SEN3;61aee3ec-144a-304b-a925-9779b607ff46;S3A;OLCI;France_Geneva_chlorophyll_a_20201118.nc;SHL2;46.453457;6.5942335
18.11.2020;2020-11-18T10:22:21.277402Z;S3B_OL_1_EFR____20201118T102221_20201118T102521_20240526T155109_0179_046_008_2160_MAR_R_NT_004.SEN3;aa13ebf1-efba-3577-a2a7-7732cbf6c212;S3B;OLCI;France_Geneva_chlorophyll_a_20201118.nc;SHL2;46.453457;6.5942335
16.12.2020;2020-12-16T09:56:08.260820Z;S3B_OL_1_EFR____20201216T095608_20201216T095908_20240526T162621_0179_047_022_2160_MAR_R_NT_004.SEN3;e3c86361-347b-3aa7-bc27-088a6044f3fb;S3B;OLCI;France_Geneva_chlorophyll_a_20201216.nc;SHL2;46.453457;6.5942335
26.01.2021;2021-01-26T09:32:00.833860Z;S3A_OL_1_EFR____20210126T093201_20210126T093501_20240602T233322_0179_067_364_2160_MAR_R_NT_004.SEN3;47c2282d-ad9e-392a-b922-1eb8c444c599;S3A;OLCI;France_Geneva_chlorophyll_a_20210126.nc;SHL2;46.453457;6.5942335
16.02.2021;2021-02-16T09:48:37.688081Z;S3B_OL_1_EFR____20210216T094838_20210216T095138_20240526T200917_0179_049_136_2160_MAR_R_NT_004.SEN3;f4b27c35-7e59-3b85-8aae-93842e3a13eb;S3B;OLCI;France_Geneva_chlorophyll_a_20210216.nc;SHL2;46.453457;6.5942335
03.03.2021;2021-03-03T09:59:52.624648Z;S3B_OL_1_EFR____20210303T095953_20210303T100253_20240527T002819_0179_049_350_2160_MAR_R_NT_004.SEN3;ef2fd1ec-52f0-3b79-b023-718e8af6c64c;S3B;OLCI;France_Geneva_chlorophyll_a_20210303.nc;SHL2;46.453457;6.5942335
16.03.2021;2021-03-16T10:01:51.865986Z;S3A_OL_1_EFR____20210316T100152_20210316T100452_20240603T034102_0179_069_293_2160_MAR_R_NT_004.SEN3;072e5539-da61-3bf0-84bf-6951ccb26413;S3A;OLCI;France_Geneva_chlorophyll_a_20210316.nc;SHL2;46.453457;6.5942335
16.03.2021;2021-03-16T09:22:28.955037Z;S3B_OL_1_EFR____20210316T092229_20210316T092529_20240526T201056_0179_050_150_2160_MAR_R_NT_004.SEN3;95850030-8407-323b-ab3b-c8a85dc4865d;S3B;OLCI;France_Geneva_chlorophyll_a_20210316.nc;SHL2;46.453457;6.5942335
20.04.2021;2021-04-20T09:54:30.585500Z;S3A_OL_1_EFR____20210420T095431_20210420T095731_20240603T053459_0179_071_022_2160_MAR_R_NT_004.SEN3;e1bf6ba3-e410-3a1a-9e13-7d1dbd00eafc;S3A;OLCI;France_Geneva_chlorophyll_a_20210420.nc;SHL2;46.453457;6.5942335
03.05.2021;2021-05-03T10:18:36.261401Z;S3B_OL_1_EFR____20210503T101836_20210503T102136_20240527T003052_0179_052_065_2160_MAR_R_NT_004.SEN3;10e7e858-2625-32ca-bd9c-269a620fd0f3;S3B;OLCI;France_Geneva_chlorophyll_a_20210503.nc;SHL2;46.453457;6.5942335
19.05.2021;2021-05-19T10:03:39.756201Z;S3B_OL_1_EFR____20210519T100340_20210519T100640_20240527T010942_0179_052_293_2160_MAR_R_NT_004.SEN3;002a3880-c7f2-3da7-8f73-a2c18a62121f;S3B;OLCI;France_Geneva_chlorophyll_a_20210519.nc;SHL2;46.453457;6.5942335
20.05.2021;2021-05-20T09:37:29.107024Z;S3B_OL_1_EFR____20210520T093729_20210520T094029_20240527T041305_0179_052_307_2160_MAR_R_NT_004.SEN3;4d3b8aeb-2c52-328f-8dfd-fa52862ca95b;S3B;OLCI;France_Geneva_chlorophyll_a_20210520.nc;SHL2;46.453457;6.5942335
20.05.2021;2021-05-20T10:16:58.506159Z;S3A_OL_1_EFR____20210520T101659_20210520T101959_20240603T083528_0179_072_065_2160_MAR_R_NT_004.SEN3;c1b765b2-79d7-3253-a383-4e1cb58c289e;S3A;OLCI;France_Geneva_chlorophyll_a_20210520.nc;SHL2;46.453457;6.5942335
02.06.2021;2021-06-02T09:39:33.612072Z;S3A_OL_1_EFR____20210602T093934_20210602T094234_20240603T084156_0179_072_250_2160_MAR_R_NT_004.SEN3;687797d7-534e-33e8-9e30-9553e461b8b5;S3A;OLCI;France_Geneva_chlorophyll_a_20210602.nc;SHL2;46.453457;6.5942335
14.06.2021;2021-06-14T09:28:21.738884Z;S3A_OL_1_EFR____20210614T092822_20210614T093122_20240603T104206_0179_073_036_2160_MAR_R_NT_004.SEN3;ba1ad496-408e-38b3-ae34-6575523223e2;S3A;OLCI;France_Geneva_chlorophyll_a_20210614.nc;SHL2;46.453457;6.5942335
07.07.2021;2021-07-07T09:32:06.611515Z;S3A_OL_1_EFR____20210707T093207_20210707T093507_20240603T123105_0180_073_364_2160_MAR_R_NT_004.SEN3;01ab71de-00d5-39ee-934e-0d0d21e8d453;S3A;OLCI;France_Geneva_chlorophyll_a_20210707.nc;SHL2;46.453457;6.5942335
21.07.2021;2021-07-21T09:30:06.823321Z;S3B_OL_1_EFR____20210721T093007_20210721T093307_20240527T062308_0180_055_036_2160_MAR_R_NT_004.SEN3;6c20f74e-ee38-3888-811f-3869f6179e4b;S3B;OLCI;France_Geneva_chlorophyll_a_20210721.nc;SHL2;46.453457;6.5942335
21.07.2021;2021-07-21T10:09:29.738555Z;S3A_OL_1_EFR____20210721T100930_20210721T101230_20240603T133601_0179_074_179_2160_MAR_R_NT_004.SEN3;939ae3e3-702e-36b1-8747-505844d03317;S3A;OLCI;France_Geneva_chlorophyll_a_20210721.nc;SHL2;46.453457;6.5942335
09.08.2021;2021-08-09T10:16:55.577613Z;S3A_OL_1_EFR____20210809T101656_20210809T101956_20240603T134854_0179_075_065_2160_MAR_R_NT_004.SEN3;d2410639-ea3a-3a23-9a2e-bb34619916d0;S3A;OLCI;France_Geneva_chlorophyll_a_20210809.nc;SHL2;46.453457;6.5942335
09.08.2021;2021-08-09T09:37:37.656998Z;S3B_OL_1_EFR____20210809T093738_20210809T094038_20240527T061238_0179_055_307_2160_MAR_R_NT_004.SEN3;aa022a34-12e3-3bd1-bc54-8aaee78aaa3b;S3B;OLCI;France_Geneva_chlorophyll_a_20210809.nc;SHL2;46.453457;6.5942335
02.09.2021;2021-09-02T09:54:27.571016Z;S3A_OL_1_EFR____20210902T095428_20210902T095728_20240603T155428_0179_076_022_2160_MAR_R_NT_004.SEN3;da8f6cdd-0439-36c6-b35f-b30170989cd1;S3A;OLCI;France_Geneva_chlorophyll_a_20210902.nc;SHL2;46.453457;6.5942335
15.09.2021;2021-09-15T10:18:44.795116Z;S3B_OL_1_EFR____20210915T101845_20210915T102145_20240527T075642_0179_057_065_2160_MAR_R_NT_004.SEN3;eabbc9f4-c576-3497-9466-23815382f116;S3B;OLCI;France_Geneva_chlorophyll_a_20210915.nc;SHL2;46.453457;6.5942335
27.09.2021;2021-09-27T10:07:29.536174Z;S3B_OL_1_EFR____20210927T100730_20210927T101030_20240527T073808_0180_057_236_2160_MAR_R_NT_004.SEN3;838cdded-6ed5-391c-af3d-06d064cd3e24;S3B;OLCI;France_Geneva_chlorophyll_a_20210927.nc;SHL2;46.453457;6.5942335
19.10.2021;2021-10-19T09:35:48.370202Z;S3A_OL_1_EFR____20211019T093548_20211019T093848_20240604T013147_0179_077_307_2160_MAR_R_NT_004.SEN3;62f602ca-047d-36ca-9abc-017b23fe068a;S3A;OLCI;France_Geneva_chlorophyll_a_20211019.nc;SHL2;46.453457;6.5942335
16.11.2021;2021-11-16T10:11:13.207010Z;S3B_OL_1_EFR____20211116T101113_20211116T101413_20240527T105952_0179_059_179_2160_MAR_R_NT_004.SEN3;c91b3f50-70db-3bb2-8655-8f8b7e89d08f;S3B;OLCI;France_Geneva_chlorophyll_a_20211116.nc;SHL2;46.453457;6.5942335
06.12.2021;2021-12-06T09:52:31.036113Z;S3B_OL_1_EFR____20211206T095231_20211206T095531_20240527T125332_0179_060_079_2160_MAR_R_NT_004.SEN3;8ec5f169-7f32-3e9f-b8d9-bd08bd917026;S3B;OLCI;France_Geneva_chlorophyll_a_20211206.nc;SHL2;46.453457;6.5942335
19.01.2022;2022-01-19T09:50:48.710928Z;S3A_OL_1_EFR____20220119T095049_20220119T095349_20240604T090011_0179_081_079_2160_MAR_R_NT_004.SEN3;296b5c9b-19c9-3e6f-9c33-50dd8f92aaf8;S3A;OLCI;France_Geneva_chlorophyll_a_20220119.nc;SHL2;46.453457;6.5942335
09.02.2022;2022-02-09T10:07:25.677909Z;S3B_OL_1_EFR____20220209T100726_20220209T101026_20240523T171827_0179_062_236_2160_MAR_R_NT_004.SEN3;74b12260-23d9-3be3-9db4-c41f076d8a74;S3B;OLCI;France_Geneva_chlorophyll_a_20220209.nc;SHL2;46.453457;6.5942335
08.03.2022;2022-03-08T10:07:27.657118Z;S3B_OL_1_EFR____20220308T100728_20220308T101028_20240523T181631_0179_063_236_2160_MAR_R_NT_004.SEN3;f7a9ed78-72ef-37d9-99bf-38d4f329dabe;S3B;OLCI;France_Geneva_chlorophyll_a_20220308.nc;SHL2;46.453457;6.5942335
21.03.2022;2022-03-21T09:30:03.109847Z;S3B_OL_1_EFR____20220321T093003_20220321T093303_20240523T181535_0179_064_036_2160_MAR_R_NT_004.SEN3;31c12a29-0dbc-36d8-b5f1-16f087db5e78;S3B;OLCI;France_Geneva_chlorophyll_a_20220321.nc;SHL2;46.453457;6.5942335
21.03.2022;2022-03-21T10:09:28.920454Z;S3A_OL_1_EFR____20220321T100929_20220321T101229_20240605T005426_0179_083_179_2160_MAR_R_NT_004.SEN3;7161af2d-fdd1-3126-8a57-7dd924785898;S3A;OLCI;France_Geneva_chlorophyll_a_20220321.nc;SHL2;46.453457;6.5942335
12.04.2022;2022-04-12T09:59:59.846137Z;S3B_OL_1_EFR____20220412T100000_20220412T100300_20240523T201704_0179_064_350_2160_MAR_R_NT_004.SEN3;c180082d-4f1e-3804-98e4-4ff978bc1138;S3B;OLCI;France_Geneva_chlorophyll_a_20220412.nc;SHL2;46.453457;6.5942335
04.05.2022;2022-05-04T09:28:24.006972Z;S3A_OL_1_EFR____20220504T092824_20220504T093124_20240605T042325_0179_085_036_2160_MAR_R_NT_004.SEN3;5e49633a-2afc-364c-9af1-7d6e56f465b4;S3A;OLCI;France_Geneva_chlorophyll_a_20220504.nc;SHL2;46.453457;6.5942335
10.05.2022;2022-05-10T10:13:16.307774Z;S3A_OL_1_EFR____20220510T101316_20220510T101616_20240605T044407_0179_085_122_2160_MAR_R_NT_004.SEN3;11b0705c-1790-331e-afb2-bcb2e0c73d9f;S3A;OLCI;France_Geneva_chlorophyll_a_20220510.nc;SHL2;46.453457;6.5942335
10.05.2022;2022-05-10T09:33:54.638701Z;S3B_OL_1_EFR____20220510T093355_20220510T093655_20240523T215119_0179_065_364_2160_MAR_R_NT_004.SEN3;0f4e3b4e-7e71-3ec1-8c29-67ba64a3ca9d;S3B;OLCI;France_Geneva_chlorophyll_a_20220510.nc;SHL2;46.453457;6.5942335
23.05.2022;2022-05-23T09:35:51.228969Z;S3A_OL_1_EFR____20220523T093551_20220523T093851_20240605T044527_0180_085_307_2160_MAR_R_NT_004.SEN3;af03f515-3125-3398-a2db-fb695e8ed887;S3A;OLCI;France_Geneva_chlorophyll_a_20220523.nc;SHL2;46.453457;6.5942335
07.06.2022;2022-06-07T09:47:04.148605Z;S3A_OL_1_EFR____20220607T094704_20220607T095004_20240605T054635_0179_086_136_2160_MAR_R_NT_004.SEN3;215b2f24-12c0-3ade-8fb3-6d9cd1584c3a;S3A;OLCI;France_Geneva_chlorophyll_a_20220607.nc;SHL2;46.453457;6.5942335
21.06.2022;2022-06-21T10:24:27.850041Z;S3A_OL_1_EFR____20220621T102428_20220621T102728_20240605T090349_0179_086_336_2160_MAR_R_NT_004.SEN3;8fbbf28b-ac8b-3299-8a68-5d3935973078;S3A;OLCI;France_Geneva_chlorophyll_a_20220621.nc;SHL2;46.453457;6.5942335
21.06.2022;2022-06-21T09:45:12.837841Z;S3B_OL_1_EFR____20220621T094513_20220621T094813_20240523T233129_0180_067_193_2160_MAR_R_NT_004.SEN3;e65b5dc8-544c-3828-8b34-abea18a3f35c;S3B;OLCI;France_Geneva_chlorophyll_a_20220621.nc;SHL2;46.453457;6.5942335
05.07.2022;2022-07-05T10:22:37.831207Z;S3B_OL_1_EFR____20220705T102238_20220705T102538_20240524T000301_0179_068_008_2160_MAR_R_NT_004.SEN3;5dd4320c-98c4-3acb-aba1-2bfea00f44e1;S3B;OLCI;France_Geneva_chlorophyll_a_20220705.nc;SHL2;46.453457;6.5942335
05.07.2022;2022-07-05T09:20:52.191134Z;S3A_OL_1_EFR____20220705T092052_20220705T092352_20240605T094530_0179_087_150_2160_MAR_R_NT_004.SEN3;7f12c096-001e-30be-8e45-eece41d9bf2b;S3A;OLCI;France_Geneva_chlorophyll_a_20220705.nc;SHL2;46.453457;6.5942335
01.08.2022;2022-08-01T10:22:39.331546Z;S3B_OL_1_EFR____20220801T102239_20220801T102539_20240524T022600_0179_069_008_2160_MAR_R_NT_004.SEN3;e3cad8a5-b7bb-3141-be1c-cfcb8ee139e5;S3B;OLCI;France_Geneva_chlorophyll_a_20220801.nc;SHL2;46.453457;6.5942335
01.08.2022;2022-08-01T09:20:48.685396Z;S3A_OL_1_EFR____20220801T092049_20220801T092349_20240605T105512_0179_088_150_2160_MAR_R_NT_004.SEN3;e2abfeb9-1e8b-3267-b7b3-8d66c9332edc;S3A;OLCI;France_Geneva_chlorophyll_a_20220801.nc;SHL2;46.453457;6.5942335
17.08.2022;2022-08-17T10:07:41.679531Z;S3B_OL_1_EFR____20220817T100742_20220817T101042_20240524T030118_0179_069_236_2160_MAR_R_NT_004.SEN3;a1d222cc-1cbe-3af4-b19e-b9272be8aa79;S3B;OLCI;France_Geneva_chlorophyll_a_20220817.nc;SHL2;46.453457;6.5942335
31.08.2022;2022-08-31T09:43:12.919627Z;S3A_OL_1_EFR____20220831T094313_20220831T094613_20240605T125746_0179_089_193_2160_MAR_R_NT_004.SEN3;5aaf2e75-99f9-3d7f-91e3-a1e945b5635e;S3A;OLCI;France_Geneva_chlorophyll_a_20220831.nc;SHL2;46.453457;6.5942335
13.09.2022;2022-09-13T10:07:40.436534Z;S3B_OL_1_EFR____20220913T100740_20220913T101040_20240524T052433_0179_070_236_2160_MAR_R_NT_004.SEN3;7c19cdfe-5c88-35d5-8949-1b267c0cc895;S3B;OLCI;France_Geneva_chlorophyll_a_20220913.nc;SHL2;46.453457;6.5942335
04.10.2022;2022-10-04T09:22:44.127204Z;S3B_OL_1_EFR____20221004T092244_20221004T092544_20240524T054305_0179_071_150_2160_MAR_R_NT_004.SEN3;f65cdcc7-9e45-342b-8511-72a2980b3690;S3B;OLCI;France_Geneva_chlorophyll_a_20221004.nc;SHL2;46.453457;6.5942335
04.10.2022;2022-10-04T10:01:56.219266Z;S3A_OL_1_EFR____20221004T100156_20221004T100456_20240605T142316_0179_090_293_2160_MAR_R_NT_004.SEN3;114f5bb3-c08b-32bb-82e6-08876da35878;S3A;OLCI;France_Geneva_chlorophyll_a_20221004.nc;SHL2;46.453457;6.5942335
17.10.2022;2022-10-17T09:24:32.994576Z;S3A_OL_1_EFR____20221017T092433_20221017T092733_20240605T145900_0179_091_093_2160_MAR_R_NT_004.SEN3;e3ff47a8-db87-3cf9-985e-35808b5e8525;S3A;OLCI;France_Geneva_chlorophyll_a_20221017.nc;SHL2;46.453457;6.5942335
17.10.2022;2022-10-17T10:26:20.005968Z;S3B_OL_1_EFR____20221017T102620_20221017T102920_20240524T070830_0179_071_336_2160_MAR_R_NT_004.SEN3;a3002fb3-68bf-38ba-9b37-3813fd0d0f94;S3B;OLCI;France_Geneva_chlorophyll_a_20221017.nc;SHL2;46.453457;6.5942335
20.12.2022;2022-12-20T09:26:31.977485Z;S3B_OL_1_EFR____20221220T092632_20221220T092932_20240524T114903_0179_074_093_2160_MAR_R_NT_004.SEN3;3bc6de0a-ecab-30ab-9b21-be7fa0e3b253;S3B;OLCI;France_Geneva_chlorophyll_a_20221220.nc;SHL2;46.453457;6.5942335
20.12.2022;2022-12-20T10:05:37.678378Z;S3A_OL_1_EFR____20221220T100538_20221220T100838_20240605T184124_0179_093_236_2160_MAR_R_NT_004.SEN3;5e81b010-c989-3b5a-829c-fdd38c1fa04d;S3A;OLCI;France_Geneva_chlorophyll_a_20221220.nc;SHL2;46.453457;6.5942335
02.02.2023;2023-02-02T10:26:21.796347Z;S3B_OL_1_EFR____20230202T102622_20230202T102922_20240527T163815_0179_075_336_2160_MAR_R_NT_004.SEN3;cfe46af5-d444-3976-bfc4-954b6052ee9c;S3B;OLCI;France_Geneva_chlorophyll_a_20230202.nc;SHL2;46.453457;6.5942335
02.02.2023;2023-02-02T09:24:33.225419Z;S3A_OL_1_EFR____20230202T092433_20230202T092733_20240605T212842_0179_095_093_2160_MAR_R_NT_004.SEN3;756942be-c919-368d-9ae6-f5a7152c8137;S3A;OLCI;France_Geneva_chlorophyll_a_20230202.nc;SHL2;46.453457;6.5942335
21.02.2023;2023-02-21T09:31:59.259512Z;S3A_OL_1_EFR____20230221T093159_20230221T093459_20240605T225151_0179_095_364_2160_MAR_R_NT_004.SEN3;f98da762-869d-3d35-b786-7a25232c9989;S3A;OLCI;France_Geneva_chlorophyll_a_20230221.nc;SHL2;46.453457;6.5942335
07.03.2023;2023-03-07T09:30:14.853267Z;S3B_OL_1_EFR____20230307T093015_20230307T093315_20240527T143932_0180_077_036_2160_MAR_R_NT_004.SEN3;92fb67a1-47c3-3f8f-8977-23f90e3ab012;S3B;OLCI;France_Geneva_chlorophyll_a_20230307.nc;SHL2;46.453457;6.5942335
07.03.2023;2023-03-07T10:09:24.155521Z;S3A_OL_1_EFR____20230307T100924_20230307T101224_20240606T002030_0179_096_179_2160_MAR_R_NT_004.SEN3;428bdba7-6954-3f3d-a6f2-fbdb87e58e5e;S3A;OLCI;France_Geneva_chlorophyll_a_20230307.nc;SHL2;46.453457;6.5942335
28.03.2023;2023-03-28T10:26:21.715914Z;S3B_OL_1_EFR____20230328T102622_20230328T102922_20240527T163132_0179_077_336_2160_MAR_R_NT_004.SEN3;de1368f3-0eac-30ec-849c-a76744333abe;S3B;OLCI;France_Geneva_chlorophyll_a_20230328.nc;SHL2;46.453457;6.5942335
28.03.2023;2023-03-28T09:24:35.575515Z;S3A_OL_1_EFR____20230328T092436_20230328T092736_20240606T015039_0180_097_093_2160_MAR_R_NT_004.SEN3;785132ef-6546-31c5-a9f3-ba1c2ab9b113;S3A;OLCI;France_Geneva_chlorophyll_a_20230328.nc;SHL2;46.453457;6.5942335
19.04.2023;2023-04-19T09:54:32.410840Z;S3A_OL_1_EFR____20230419T095432_20230419T095732_20240606T031803_0179_098_022_2160_MAR_R_NT_004.SEN3;a356a778-eb28-3a1e-bc88-ac5c6f8dfedb;S3A;OLCI;France_Geneva_chlorophyll_a_20230419.nc;SHL2;46.453457;6.5942335
11.05.2023;2023-05-11T09:45:16.298633Z;S3B_OL_1_EFR____20230511T094516_20230511T094816_20240527T230741_0179_079_193_2160_MAR_R_NT_004.SEN3;ae836b27-5a18-37a7-b9bc-cd2d8c56e0de;S3B;OLCI;France_Geneva_chlorophyll_a_20230511.nc;SHL2;46.453457;6.5942335
11.05.2023;2023-05-11T10:24:26.360345Z;S3A_OL_1_EFR____20230511T102426_20230511T102726_20240606T044916_0179_098_336_2160_MAR_R_NT_004.SEN3;ad364936-26dc-35ff-9f08-fd6206f6324c;S3A;OLCI;France_Geneva_chlorophyll_a_20230511.nc;SHL2;46.453457;6.5942335
22.05.2023;2023-05-22T10:00:17.321995Z;S3B_OL_1_EFR____20230522T100017_20230522T100317_20240527T202119_0179_079_350_2160_MAR_R_NT_004.SEN3;0a93f5f6-4171-3dd8-92e4-17912b90928e;S3B;OLCI;France_Geneva_chlorophyll_a_20230522.nc;SHL2;46.453457;6.5942335
13.06.2023;2023-06-13T09:28:15.931955Z;S3A_OL_1_EFR____20230613T092816_20230613T093116_20240628T023118_0180_100_036_2160_MAR_R_NT_004.SEN3;c14cf484-2f64-3e54-89df-baa5d01544ba;S3A;OLCI;France_Geneva_chlorophyll_a_20230613.nc;SHL2;46.453457;6.5942335
27.06.2023;2023-06-27T09:26:39.329847Z;S3B_OL_1_EFR____20230627T092639_20230627T092939_20240627T162102_0179_081_093_2160_MAR_R_NT_004.SEN3;c336f0ee-c1d9-3d6b-9794-9fe7b0437486;S3B;OLCI;France_Geneva_chlorophyll_a_20230627.nc;SHL2;46.453457;6.5942335
27.06.2023;2023-06-27T10:05:40.193411Z;S3A_OL_1_EFR____20230627T100540_20230627T100840_20240628T030243_0179_100_236_2160_MAR_R_NT_004.SEN3;f0e3632c-ff45-3c4b-a359-bdd278f87b1e;S3A;OLCI;France_Geneva_chlorophyll_a_20230627.nc;SHL2;46.453457;6.5942335
10.07.2023;2023-07-10T09:28:14.605454Z;S3A_OL_1_EFR____20230710T092815_20230710T093115_20240628T050749_0179_101_036_2160_MAR_R_NT_004.SEN3;8295277e-a771-397c-84af-e6a854a60fbd;S3A;OLCI;France_Geneva_chlorophyll_a_20230710.nc;SHL2;46.453457;6.5942335
26.07.2023;2023-07-26T10:15:18.497699Z;S3B_OL_1_EFR____20230726T101518_20230726T101818_20240627T190951_0179_082_122_2160_MAR_R_NT_004.SEN3;1a9290de-95bb-3857-aff6-8072aabf5541;S3B;OLCI;France_Geneva_chlorophyll_a_20230726.nc;SHL2;46.453457;6.5942335
08.08.2023;2023-08-08T10:16:48.326127Z;S3A_OL_1_EFR____20230808T101648_20230808T101948_20240919T163017_0179_102_065_2160_MAR_R_NT_004.SEN3;98730f92-fe4c-3f32-9eb3-974092295cd4;S3A;OLCI;France_Geneva_chlorophyll_a_20230808.nc;SHL2;46.453457;6.5942335
08.08.2023;2023-08-08T09:37:55.384493Z;S3B_OL_1_EFR____20230808T093755_20230808T094055_20240920T231734_0179_082_307_2160_MAR_R_NT_004.SEN3;4d14ad3a-87fb-3ec9-92dc-9699143b1e23;S3B;OLCI;France_Geneva_chlorophyll_a_20230808.nc;SHL2;46.453457;6.5942335
21.08.2023;2023-08-21T09:39:22.550341Z;S3A_OL_1_EFR____20230821T093923_20230821T094223_20240919T165843_0179_102_250_2160_MAR_R_NT_004.SEN3;5a8efb49-07e9-356b-8ce2-0094131fef6e;S3A;OLCI;France_Geneva_chlorophyll_a_20230821.nc;SHL2;46.453457;6.5942335
07.09.2023;2023-09-07T10:00:20.055783Z;S3B_OL_1_EFR____20230907T100020_20230907T100320_20240920T232556_0179_083_350_2160_MAR_R_NT_004.SEN3;9b151c40-4894-31bf-a0ba-a9b2343ad344;S3B;OLCI;France_Geneva_chlorophyll_a_20230907.nc;SHL2;46.453457;6.5942335
20.09.2023;2023-09-20T10:01:52.801904Z;S3A_OL_1_EFR____20230920T100153_20230920T100453_20240919T194137_0179_103_293_2160_MAR_R_NT_004.SEN3;d30ba884-ad89-3be1-ac1c-731ee47ce89a;S3A;OLCI;France_Geneva_chlorophyll_a_20230920.nc;SHL2;46.453457;6.5942335
20.09.2023;2023-09-20T09:22:52.622774Z;S3B_OL_1_EFR____20230920T092253_20230920T092553_20240921T015552_0180_084_150_2160_MAR_R_NT_004.SEN3;f8cb3b21-97af-3b9c-a3d7-4402d5de4f86;S3B;OLCI;France_Geneva_chlorophyll_a_20230920.nc;SHL2;46.453457;6.5942335
11.10.2023;2023-10-11T10:19:02.642631Z;S3B_OL_1_EFR____20231011T101903_20231011T102203_20240921T024524_0180_085_065_2160_MAR_R_NT_004.SEN3;84b330a5-15c4-3d71-879e-a23ff5986070;S3B;OLCI;France_Geneva_chlorophyll_a_20231011.nc;SHL2;46.453457;6.5942335
21.11.2023;2023-11-21T09:54:21.935286Z;S3A_OL_1_EFR____20231121T095422_20231121T095722_20240920T013604_0179_106_022_2160_MAR_R_NT_004.SEN3;873541f5-369d-3ae4-99eb-72ba3b788913;S3A;OLCI;France_Geneva_chlorophyll_a_20231121.nc;SHL2;46.453457;6.5942335
19.12.2023;2023-12-19T09:28:14.436016Z;S3A_OL_1_EFR____20231219T092814_20231219T093114_20240920T030829_0180_107_036_2160_MAR_R_NT_004.SEN3;9c640bfc-7811-3931-9f50-d8cd198b7ebb;S3A;OLCI;France_Geneva_chlorophyll_a_20231219.nc;SHL2;46.453457;6.5942335
