wavelengths;phytoplankton;cryptophyta;cyanobacteria;diatoms;dinoflagellates;green algae;brown algae;cyanobacteria blue;cyanobacteria red
400;0.032027;0.0165;0.027841;0.03003817;0.055971;0.025348;0.033946956;0.039150556;0.041037084
401;0.0322;0.01677;0.028185;0.030520702;0.055984;0.02585;0.034319935;0.039634362;0.041543398
402;0.0324;0.017478;0.028528;0.0309601;0.055979;0.026329;0.034692915;0.040118167;0.042049713
403;0.0326;0.018189;0.028876;0.031356048;0.055957;0.026786;0.035065895;0.040662915;0.04259191
404;0.0327;0.018488;0.02925;0.031709178;0.055918;0.027218;0.035438875;0.041207663;0.043134107
405;0.0329;0.018787;0.029641;0.032020438;0.055863;0.027628;0.035811855;0.041797795;0.043703665
406;0.033;0.019086;0.030037;0.03229283;0.055794;0.028015;0.036184835;0.042387927;0.044273224
407;0.0331;0.019384;0.030435;0.03252904;0.05571;0.028381;0.036557814;0.043000736;0.044855713
408;0.0332;0.019671;0.030833;0.03273365;0.055613;0.028728;0.036930794;0.043613545;0.045438202
409;0.0333;0.019943;0.031231;0.032910136;0.055504;0.029059;0.037303774;0.044219175;0.04601328
410;0.0333;0.020203;0.031608;0.033063554;0.055383;0.029375;0.037676754;0.044824805;0.046588358
411;0.0334;0.020444;0.031941;0.03319817;0.055252;0.02968;0.037960903;0.045396531;0.047059027
412;0.0334;0.020665;0.032249;0.033319198;0.055111;0.029976;0.038245051;0.045968257;0.047529695
413;0.0334;0.02086;0.032561;0.03343043;0.054961;0.030267;0.038461509;0.046484795;0.047988627
414;0.0335;0.021032;0.032874;0.033536448;0.054805;0.030554;0.038677966;0.047001334;0.04844756
415;0.0335;0.021184;0.033178;0.03364057;0.05464;0.03084;0.038836589;0.047430336;0.048849883
416;0.0335;0.021321;0.033448;0.033746114;0.054471;0.031127;0.038995211;0.047859337;0.049252206
417;0.0335;0.021452;0.033671;0.033855608;0.054296;0.031416;0.039127537;0.048196627;0.049582497
418;0.0336;0.021579;0.033866;0.033971106;0.054116;0.031708;0.039259862;0.048533917;0.049912788
419;0.0336;0.021705;0.034045;0.03409403;0.053935;0.032005;0.039375135;0.048803494;0.050185076
420;0.0336;0.02183;0.034233;0.03422517;0.053749;0.032304;0.039490408;0.049073071;0.050457364
421;0.0336;0.021954;0.034438;0.034364842;0.053564;0.032607;0.03962882;0.049321042;0.050758246
422;0.0337;0.022093;0.034643;0.034512572;0.053376;0.032911;0.039767233;0.049569013;0.051059129
423;0.0337;0.022249;0.034839;0.034667886;0.053189;0.033215;0.039939792;0.049785695;0.051347198
424;0.0337;0.02242;0.035032;0.034829046;0.053002;0.033514;0.040112352;0.050002376;0.051635268
425;0.0338;0.022618;0.035225;0.034994788;0.052815;0.033808;0.04034921;0.050220027;0.051921307
426;0.0338;0.022836;0.03542;0.0351629;0.052631;0.034091;0.040586067;0.050437678;0.052207345
427;0.0338;0.023059;0.035615;0.035331012;0.052448;0.034361;0.040892274;0.050669979;0.052506292
428;0.0339;0.023285;0.035816;0.035496754;0.052268;0.034611;0.04119848;0.05090228;0.05280524
429;0.0339;0.023511;0.036046;0.03565744;0.052091;0.034839;0.041528239;0.051144334;0.053136196
430;0.0339;0.023735;0.036276;0.035810226;0.051916;0.03504;0.041857999;0.051386388;0.053467151
431;0.0339;0.023956;0.036481;0.035952268;0.051746;0.035209;0.042171556;0.051606088;0.05374902
432;0.0339;0.024148;0.036666;0.036080722;0.05158;0.035343;0.042485113;0.051825789;0.05403089
433;0.0339;0.024306;0.036827;0.036193376;0.051417;0.035438;0.042749695;0.051955514;0.054199888
434;0.0339;0.024435;0.036926;0.036287386;0.051259;0.035491;0.043014277;0.05208524;0.054368887
435;0.0339;0.024519;0.036974;0.036360382;0.051105;0.0355;0.043188621;0.052055233;0.054396699
436;0.0338;0.024548;0.036968;0.036410626;0.050955;0.035463;0.043362965;0.052025226;0.054424511
437;0.0338;0.024519;0.0369;0.036436538;0.05081;0.03538;0.0434133;0.05177512;0.054295344
438;0.0337;0.024444;0.036781;0.036436538;0.050668;0.03525;0.043463635;0.051525014;0.054166177
439;0.0336;0.024311;0.036601;0.036409836;0.050532;0.035074;0.043372726;0.051003831;0.053876762
440;0.0335;0.024122;0.036356;0.036355958;0.050398;0.034855;0.043281816;0.050482648;0.053587348
441;0.0334;0.023886;0.036049;0.03627443;0.050269;0.034594;0.043057222;0.049672038;0.053042043
442;0.0332;0.023616;0.035664;0.03616541;0.050144;0.034295;0.042832628;0.048861428;0.052496738
443;0.0331;0.023319;0.035183;0.036029372;0.050021;0.03396;0.042531686;0.047835762;0.051777248
444;0.0329;0.022993;0.034664;0.035867422;0.049903;0.033596;0.042230743;0.046810096;0.051057757
445;0.0327;0.022666;0.034113;0.035679876;0.049786;0.033204;0.04189272;0.045647582;0.050244676
446;0.0325;0.022352;0.033541;0.035468472;0.049671;0.032791;0.041554697;0.044485067;0.049431595
447;0.0323;0.022045;0.032964;0.035234316;0.049559;0.03236;0.041258799;0.04326788;0.048574321
448;0.0321;0.021764;0.032377;0.034978672;0.049447;0.031916;0.0409629;0.042050693;0.047717047
449;0.0318;0.021516;0.031771;0.034703278;0.049339;0.031465;0.040703307;0.040864977;0.046833777
450;0.0316;0.021306;0.031175;0.034409872;0.049228;0.03101;0.040443715;0.03967926;0.045950508
451;0.0314;0.021138;0.030644;0.03410035;0.049119;0.030557;0.040258394;0.038630089;0.045236682
452;0.0312;0.021003;0.030181;0.033775502;0.049009;0.030108;0.040073073;0.037580919;0.044522855
453;0.031;0.02091;0.029755;0.033437698;0.048898;0.029668;0.039920171;0.036681272;0.043925919
454;0.0307;0.020853;0.029363;0.033088202;0.048786;0.029241;0.039767268;0.035781626;0.043328983
455;0.0305;0.020825;0.029019;0.032729542;0.048671;0.028831;0.039638283;0.03502894;0.042848251
456;0.0304;0.020818;0.028717;0.032362666;0.048554;0.02844;0.039509298;0.034276254;0.042367518
457;0.0302;0.020819;0.02845;0.031989312;0.048433;0.02807;0.039406331;0.033651304;0.04198917
458;0.03;0.020827;0.028222;0.031612166;0.048309;0.027727;0.039303364;0.033026354;0.041610822
459;0.0298;0.020836;0.028012;0.031232808;0.048182;0.02741;0.039184124;0.032493258;0.041307903
460;0.0297;0.020832;0.02782;0.030853134;0.048048;0.027124;0.039064884;0.031960161;0.041004985
461;0.0295;0.020817;0.027637;0.030475672;0.047911;0.026868;0.038910097;0.031496164;0.04075694
462;0.0294;0.020782;0.027469;0.030102318;0.047766;0.026646;0.03875531;0.031032168;0.040508895
463;0.0293;0.02072;0.027334;0.029734652;0.047617;0.026458;0.038575243;0.030602611;0.040310124
464;0.0291;0.020628;0.027212;0.02937615;0.047462;0.026304;0.038395176;0.030173055;0.040111352
465;0.029;0.020498;0.027089;0.029028234;0.047298;0.026186;0.038176853;0.029756916;0.039923689
466;0.0289;0.020336;0.02696;0.0286928;0.04713;0.026104;0.03795853;0.029340777;0.039736026
467;0.0288;0.020142;0.026829;0.028372218;0.046951;0.026056;0.037694699;0.028926355;0.039531247
468;0.0286;0.019919;0.02669;0.028068226;0.046767;0.026042;0.037430868;0.028511933;0.039326468
469;0.0285;0.019665;0.026531;0.027782562;0.046574;0.02606;0.037104777;0.028096844;0.039086289
470;0.0284;0.019382;0.026354;0.027516648;0.046372;0.026108;0.036778686;0.027681756;0.038846111
471;0.0282;0.019068;0.026156;0.027271748;0.046165;0.026183;0.036393248;0.027286921;0.038550845
472;0.0281;0.018732;0.025949;0.027048494;0.045947;0.026281;0.036007811;0.026892086;0.038255579
473;0.028;0.018392;0.025763;0.026848308;0.045722;0.026395;0.03558656;0.026524466;0.037995021
474;0.0278;0.01805;0.025591;0.026670874;0.045488;0.026523;0.03516531;0.026156847;0.037734463
475;0.0277;0.017708;0.025431;0.026516824;0.045245;0.026656;0.034723311;0.025828074;0.037509386
476;0.0275;0.017376;0.025284;0.026385684;0.044996;0.026787;0.034281312;0.0254993;0.037284308
477;0.0274;0.017053;0.025151;0.026276664;0.044735;0.026908;0.033834881;0.025217723;0.037096378
478;0.0272;0.016754;0.025031;0.026188816;0.044471;0.02701;0.033388449;0.024936146;0.036908447
479;0.0271;0.016488;0.024927;0.026120876;0.044195;0.027086;0.032959892;0.024706833;0.036760224
480;0.027;0.016261;0.024838;0.026070948;0.043913;0.027126;0.032531335;0.024477521;0.036612001
481;0.0268;0.016075;0.024764;0.026036662;0.043624;0.027123;0.032127125;0.024307415;0.036519938
482;0.0267;0.015923;0.024705;0.02601549;0.043326;0.027068;0.031722916;0.024137309;0.036427875
483;0.0265;0.015811;0.024665;0.026004114;0.043025;0.026958;0.031335396;0.024014575;0.036371597
484;0.0264;0.015737;0.024642;0.025999216;0.042712;0.026786;0.030947876;0.023891842;0.03631532
485;0.0262;0.0157;0.024609;0.025997004;0.042396;0.02655;0.030573807;0.023798338;0.036254574
486;0.0261;0.015693;0.024558;0.025993844;0.042075;0.026251;0.030199739;0.023704834;0.036193827
487;0.0259;0.015712;0.024503;0.025985154;0.041745;0.025889;0.029839908;0.023621543;0.03612142
488;0.0258;0.015752;0.024457;0.025967458;0.041414;0.025468;0.029480077;0.023538251;0.036049013
489;0.0256;0.015797;0.024418;0.025936174;0.041075;0.024993;0.029131084;0.023445282;0.035990817
490;0.0254;0.015845;0.024377;0.025888142;0.040734;0.024469;0.028782092;0.023352314;0.035932621
491;0.0253;0.015894;0.024323;0.025820044;0.040388;0.023904;0.028434513;0.023226693;0.035841394
492;0.0251;0.015932;0.024259;0.02572951;0.040036;0.023305;0.028086934;0.023101072;0.035750167
493;0.0249;0.015958;0.024188;0.02561417;0.039686;0.02268;0.027729498;0.022917174;0.035630211
494;0.0247;0.015962;0.024106;0.025473076;0.039328;0.022036;0.027372062;0.022733275;0.035510256
495;0.0245;0.015939;0.024002;0.025306228;0.038971;0.021381;0.027021372;0.022480317;0.035351231
496;0.0243;0.015891;0.023879;0.025113626;0.03861;0.020721;0.026670682;0.022227358;0.035192205
497;0.024;0.01581;0.023748;0.02489685;0.038247;0.020062;0.026324659;0.021899397;0.034999403
498;0.0238;0.015697;0.023616;0.024657322;0.037886;0.019408;0.025978635;0.021571437;0.034806601
499;0.0235;0.015549;0.023482;0.024397886;0.037519;0.018765;0.025645098;0.021167374;0.034600954
500;0.0232;0.015369;0.023337;0.024121544;0.037156;0.018136;0.02531156;0.020763311;0.034395307
501;0.0229;0.015157;0.023156;0.02383114;0.03679;0.017522;0.024961412;0.020294227;0.03409256
502;0.0227;0.014916;0.022936;0.023529834;0.036425;0.016927;0.024611263;0.019825142;0.033789813
503;0.0223;0.01465;0.0227;0.023221576;0.036061;0.016353;0.024257596;0.019297204;0.033441875
504;0.022;0.014363;0.022445;0.02290842;0.035695;0.015799;0.023903928;0.018769267;0.033093938
505;0.0217;0.014059;0.022206;0.022594316;0.035334;0.015267;0.023570594;0.018192876;0.032760014
506;0.0214;0.013739;0.021994;0.022281634;0.03497;0.014758;0.02323726;0.017616485;0.03242609
507;0.0211;0.013412;0.021791;0.021972586;0.03461;0.01427;0.022909219;0.017006801;0.032127415
508;0.0208;0.013077;0.021586;0.021669384;0.034253;0.013804;0.022581178;0.016397117;0.031828741
509;0.0204;0.012742;0.021376;0.021373292;0.033893;0.013359;0.022254701;0.015774061;0.031548586
510;0.0201;0.01242;0.021214;0.021086206;0.033541;0.012935;0.021928225;0.015151004;0.031268432
511;0.0198;0.01211;0.021102;0.0208086;0.033187;0.012531;0.021591542;0.014551371;0.031111121
512;0.0195;0.011815;0.020999;0.020541264;0.032835;0.012146;0.021254858;0.013951738;0.03095381
513;0.0192;0.011535;0.020897;0.020284672;0.032489;0.01178;0.020915784;0.013371854;0.030801418
514;0.019;0.011271;0.020793;0.020038824;0.032144;0.011432;0.02057671;0.01279197;0.030649026
515;0.0187;0.011028;0.02069;0.019803404;0.031802;0.0111;0.020261166;0.012242688;0.030496699
516;0.0185;0.010812;0.020587;0.019578254;0.031465;0.010786;0.019945623;0.011693407;0.030344372
517;0.0182;0.010626;0.020484;0.0193629;0.031128;0.010486;0.019635815;0.011183951;0.030202891
518;0.018;0.010466;0.020383;0.019156394;0.030799;0.010201;0.019326008;0.010674495;0.030061409
519;0.0178;0.010329;0.020304;0.01895842;0.030468;0.009931;0.019009844;0.010212458;0.029957193
520;0.0176;0.010212;0.020254;0.018767872;0.030144;0.009673;0.018693681;0.009750421;0.029852976
521;0.0174;0.010118;0.020236;0.01858396;0.029824;0.009429;0.018371671;0.00935498;0.029847382
522;0.0173;0.01005;0.020239;0.018405894;0.029505;0.009196;0.018049661;0.008959539;0.029841787
523;0.0171;0.010001;0.020248;0.018232568;0.029193;0.008975;0.01772311;0.008617196;0.029860628
524;0.0169;0.009966;0.020263;0.018063034;0.028881;0.008764;0.017396558;0.008274853;0.029879469
525;0.0168;0.009943;0.02029;0.017896818;0.028576;0.008565;0.017087032;0.007984861;0.029947107
526;0.0167;0.009935;0.020342;0.017732656;0.028274;0.008374;0.016777505;0.007694868;0.030014745
527;0.0166;0.009939;0.020422;0.017569916;0.027975;0.008194;0.016479969;0.007455237;0.030140563
528;0.0164;0.009953;0.020529;0.017407808;0.027682;0.008022;0.016182433;0.007215606;0.030266381
529;0.0163;0.009976;0.020655;0.017245858;0.02739;0.007858;0.015898425;0.007023106;0.030444784
530;0.0162;0.010007;0.020777;0.017083276;0.027105;0.007703;0.015614417;0.006830605;0.030623187
531;0.0161;0.01004;0.020865;0.016919746;0.026821;0.007556;0.015319224;0.006685296;0.030762364
532;0.0161;0.010073;0.020951;0.016754478;0.026542;0.007416;0.015024031;0.006539987;0.030901541
533;0.016;0.01011;0.02109;0.016587788;0.026269;0.007283;0.014726371;0.006430555;0.031123976
534;0.0159;0.010155;0.021258;0.016419202;0.025997;0.007157;0.014428711;0.006321124;0.031346412
535;0.0158;0.010202;0.021435;0.016248404;0.025732;0.007038;0.014148542;0.006244431;0.031603953
536;0.0157;0.010244;0.021612;0.016075868;0.025468;0.006925;0.013868372;0.006167738;0.031861494
537;0.0156;0.010283;0.021792;0.01590112;0.025209;0.006818;0.013596254;0.006119093;0.032133761
538;0.0155;0.010322;0.021983;0.015724476;0.024954;0.006717;0.013324137;0.006070448;0.032406027
539;0.0154;0.010358;0.022182;0.015546284;0.024702;0.006622;0.013062066;0.006043611;0.032700415
540;0.0153;0.010392;0.022384;0.015366859;0.024456;0.006533;0.012799996;0.006016774;0.032994802
541;0.0152;0.010424;0.022586;0.015186138;0.024212;0.006449;0.012524642;0.006010333;0.033298106
542;0.015;0.010454;0.022793;0.015004849;0.023972;0.00637;0.012249289;0.006003891;0.033601411
543;0.0149;0.010481;0.023014;0.014823228;0.023736;0.006297;0.011975699;0.006012882;0.033945324
544;0.0148;0.010499;0.023254;0.014641797;0.023503;0.006228;0.011702108;0.006021873;0.034289236
545;0.0147;0.010511;0.023504;0.014460681;0.023276;0.006165;0.011434742;0.006046721;0.034654402
546;0.0146;0.010522;0.023757;0.014280767;0.023049;0.006107;0.011167376;0.006071568;0.035019568
547;0.0145;0.010529;0.02401;0.014102243;0.022828;0.006054;0.010903406;0.006112944;0.035391855
548;0.0144;0.010528;0.024265;0.01392552;0.02261;0.006006;0.010639437;0.006154319;0.035764142
549;0.0143;0.010519;0.024522;0.01375123;0.022395;0.005962;0.010373338;0.006213142;0.036134645
550;0.0142;0.010503;0.024766;0.013579484;0.022185;0.005923;0.010107239;0.006271964;0.036505148
551;0.0141;0.010478;0.024971;0.013410898;0.021976;0.00589;0.009851013;0.00634369;0.036785217
552;0.014;0.010446;0.025151;0.01324574;0.021773;0.005861;0.009594787;0.006415416;0.037065286
553;0.0139;0.010408;0.025336;0.013084549;0.021572;0.005837;0.009351588;0.006499712;0.037342381
554;0.0139;0.010364;0.025523;0.012927307;0.021374;0.005818;0.009108389;0.006584008;0.037619476
555;0.0138;0.010313;0.025711;0.012774426;0.021181;0.005804;0.008891645;0.006683367;0.037901517
556;0.0138;0.010257;0.025904;0.01262627;0.020988;0.005795;0.008674901;0.006782727;0.038183558
557;0.0137;0.010193;0.026101;0.012482758;0.020802;0.00579;0.008489515;0.006897404;0.038465111
558;0.0137;0.010122;0.026292;0.012344224;0.020617;0.005792;0.008304128;0.00701208;0.038746664
559;0.0137;0.010047;0.02647;0.01221073;0.020435;0.005798;0.00816692;0.007140084;0.039008942
560;0.0136;0.009966;0.026642;0.01208245;0.020257;0.005809;0.008029712;0.007268088;0.03927122
561;0.0136;0.00988;0.026799;0.011959273;0.02008;0.005826;0.007915174;0.007410166;0.039480104
562;0.0136;0.009786;0.026934;0.011841247;0.019909;0.005849;0.007800636;0.007552245;0.039688987
563;0.0135;0.00968;0.02705;0.011728372;0.019738;0.005877;0.007696924;0.007706772;0.039793954
564;0.0135;0.009559;0.027103;0.011620473;0.019572;0.00591;0.007593213;0.007861299;0.039898921
565;0.0134;0.009424;0.027118;0.011517442;0.019409;0.005949;0.007511591;0.008027064;0.039848816
566;0.0134;0.009276;0.027069;0.011419071;0.019248;0.005993;0.00742997;0.008192829;0.039798712
567;0.0133;0.009106;0.026925;0.011325219;0.019091;0.006043;0.007379845;0.008368049;0.039521693
568;0.0132;0.008909;0.0267;0.011235617;0.018934;0.006098;0.00732972;0.008543269;0.039244673
569;0.0131;0.008688;0.026326;0.011149997;0.018782;0.006158;0.007325839;0.008725592;0.038648203
570;0.013;0.00845;0.025816;0.011067995;0.018633;0.006224;0.007321958;0.008907916;0.038051733
571;0.0129;0.008191;0.025185;0.010989263;0.018485;0.006294;0.007360708;0.009101304;0.036954285
572;0.0127;0.007909;0.024407;0.010913518;0.018342;0.006368;0.007399458;0.009294693;0.035856838
573;0.0126;0.007607;0.023475;0.010840348;0.018199;0.006447;0.007462709;0.009494231;0.034415118
574;0.0125;0.007291;0.022459;0.010769422;0.018061;0.006529;0.007525959;0.009693769;0.032973399
575;0.0123;0.006958;0.021316;0.01070036;0.017925;0.006613;0.007599329;0.0098926;0.031288442
576;0.0122;0.006607;0.020085;0.010632752;0.017791;0.0067;0.007672699;0.010091431;0.029603484
577;0.012;0.006257;0.018855;0.010566408;0.01766;0.006787;0.007743962;0.010284956;0.02779117
578;0.0119;0.005908;0.017625;0.010500949;0.017531;0.006874;0.007815225;0.010478481;0.025978857
579;0.0117;0.00556;0.016397;0.01043609;0.017406;0.00696;0.007896641;0.010664358;0.024169919
580;0.0116;0.00522;0.015171;0.01037172;0.017282;0.007044;0.007978056;0.010850236;0.022360982
581;0.0114;0.004886;0.014053;0.01030762;0.017161;0.007124;0.008087184;0.011033568;0.020853399
582;0.0113;0.004563;0.013078;0.010243756;0.017044;0.0072;0.008196311;0.011216901;0.019345815
583;0.0111;0.004254;0.012158;0.010180145;0.016928;0.00727;0.008303938;0.011391662;0.018063748
584;0.011;0.003966;0.011317;0.010116772;0.016816;0.007334;0.008411565;0.011566423;0.016781682
585;0.0109;0.003702;0.010565;0.010053809;0.016704;0.00739;0.008493738;0.011729421;0.015754316
586;0.0107;0.003459;0.009906;0.009991493;0.016597;0.007438;0.008575911;0.011892419;0.01472695
587;0.0106;0.003239;0.009356;0.009930079;0.016492;0.007478;0.008611695;0.012044902;0.013969472
588;0.0105;0.003041;0.008927;0.009869944;0.01639;0.00751;0.00864748;0.012197385;0.013211993
589;0.0104;0.002865;0.008576;0.009811358;0.01629;0.007534;0.008644275;0.012345037;0.012725591
590;0.0103;0.002709;0.008304;0.009754873;0.016193;0.007549;0.00864107;0.012492688;0.012239189
591;0.0102;0.002573;0.008082;0.0097009;0.016099;0.007559;0.008598589;0.01264349;0.011961221
592;0.0101;0.002455;0.007898;0.009650008;0.016007;0.007562;0.008556107;0.012794292;0.011683253
593;0.01;0.002354;0.007776;0.009602782;0.015918;0.00756;0.008461257;0.012947471;0.011506903
594;0.0099;0.002269;0.007676;0.009559711;0.015833;0.007556;0.008366406;0.013100651;0.011330552
595;0.0098;0.002199;0.007591;0.00952138;0.01575;0.007549;0.008248476;0.01326059;0.011211856
596;0.0097;0.002145;0.007517;0.009488421;0.01567;0.007541;0.008130546;0.013420529;0.01109316
597;0.0097;0.002106;0.007455;0.009461372;0.015594;0.007534;0.00801991;0.013592771;0.011018689
598;0.0096;0.002082;0.00742;0.009440784;0.01552;0.00753;0.007909274;0.013765013;0.010944219
599;0.0096;0.002071;0.007423;0.009427244;0.01545;0.007528;0.00780282;0.013956261;0.01093108
600;0.0095;0.002072;0.007406;0.009421271;0.015384;0.007531;0.007696366;0.01414751;0.01091794
601;0.0095;0.002087;0.007355;0.009423357;0.01532;0.007538;0.007607148;0.014360142;0.010842382
602;0.0094;0.002115;0.007304;0.009433975;0.015261;0.007552;0.00751793;0.014572775;0.010766824
603;0.0094;0.002156;0.007253;0.009453519;0.015205;0.007573;0.007437991;0.014821301;0.010689175
604;0.0094;0.002209;0.0072;0.009482338;0.015154;0.007601;0.007358052;0.015069828;0.010611527
605;0.0094;0.00227;0.007148;0.009520669;0.015106;0.007636;0.007310303;0.015350098;0.010508629
606;0.0094;0.002337;0.007065;0.009568764;0.015062;0.007679;0.007262554;0.015630367;0.010405731
607;0.0094;0.002413;0.006966;0.009626671;0.015024;0.00773;0.007286713;0.015935211;0.010306369
608;0.0094;0.002498;0.006907;0.009694248;0.014989;0.007788;0.007310872;0.016240056;0.010207007
609;0.0094;0.002585;0.00689;0.009771226;0.01496;0.007854;0.007386223;0.016559288;0.010191917
610;0.0094;0.002673;0.006904;0.009857304;0.014935;0.007926;0.007461574;0.01687852;0.010176827
611;0.0095;0.002761;0.006944;0.009951741;0.014915;0.008004;0.007556822;0.017206657;0.010234744
612;0.0095;0.002848;0.00699;0.010053524;0.014901;0.008087;0.00765207;0.017534794;0.010292661
613;0.0096;0.002936;0.007008;0.010161612;0.014892;0.008174;0.007751272;0.01786652;0.010318233
614;0.0096;0.00302;0.007017;0.010274392;0.014888;0.008264;0.007850474;0.018198247;0.010343805
615;0.0097;0.003101;0.007028;0.010390143;0.014889;0.008356;0.007951074;0.018513057;0.010364329
616;0.0098;0.00318;0.007042;0.010506731;0.014896;0.008448;0.008051675;0.018827867;0.010384853
617;0.0098;0.003256;0.00706;0.010621676;0.014907;0.008538;0.008142462;0.019116426;0.010421983
618;0.0099;0.003327;0.007086;0.010732561;0.014924;0.008625;0.008233248;0.019404985;0.010459114
619;0.01;0.003394;0.007132;0.01083662;0.014944;0.008708;0.008309102;0.01966913;0.010528864
620;0.0101;0.003456;0.007191;0.010931119;0.014968;0.008785;0.008384956;0.019933275;0.010598613
621;0.0101;0.003516;0.007264;0.011013453;0.014995;0.008855;0.008458232;0.020179914;0.01070568
622;0.0102;0.003573;0.00734;0.011081314;0.015023;0.008916;0.008531507;0.020426552;0.010812748
623;0.0103;0.003629;0.007402;0.011132759;0.015053;0.008968;0.008617197;0.020644415;0.010898354
624;0.0103;0.003682;0.007455;0.01116646;0.01508;0.009011;0.008702886;0.020862277;0.010983959
625;0.0104;0.003731;0.007504;0.011181707;0.015107;0.009044;0.008815781;0.021031222;0.01105135
626;0.0104;0.003776;0.00755;0.011178484;0.015129;0.009068;0.008928677;0.021200168;0.011118742
627;0.0104;0.003817;0.007588;0.011157549;0.015147;0.009084;0.009038101;0.021302143;0.011161317
628;0.0104;0.003854;0.007609;0.011120356;0.015158;0.009091;0.009147524;0.021404118;0.011203893
629;0.0104;0.003887;0.007602;0.011068927;0.015162;0.009093;0.009226711;0.02142316;0.0112052
630;0.0104;0.003915;0.007602;0.011005838;0.015158;0.009091;0.009305898;0.021442202;0.011206508
631;0.0103;0.003938;0.007625;0.010933995;0.015146;0.009087;0.00936545;0.021385237;0.011239239
632;0.0103;0.003957;0.007651;0.010856559;0.015126;0.009084;0.009425002;0.021328273;0.01127197
633;0.0103;0.003969;0.007667;0.010776643;0.015098;0.009083;0.009467751;0.021207761;0.011291358
634;0.0102;0.003974;0.007675;0.010697485;0.015065;0.009089;0.0095105;0.021087248;0.011310746
635;0.0102;0.003976;0.007686;0.01062215;0.015026;0.009103;0.009544241;0.020895858;0.011339554
636;0.0101;0.003975;0.007708;0.010553484;0.014986;0.00913;0.009577982;0.020704469;0.011368363
637;0.0101;0.00397;0.007738;0.010494186;0.014943;0.009172;0.009586543;0.020437804;0.011421029
638;0.01;0.00396;0.00778;0.010446612;0.014901;0.009232;0.009595103;0.02017114;0.011473694
639;0.01;0.003946;0.007853;0.010412958;0.014862;0.009314;0.00955302;0.019827737;0.011556326
640;0.01;0.00393;0.007897;0.010395231;0.014828;0.009421;0.009510937;0.019484333;0.011638958
641;0.01;0.003911;0.007889;0.010395278;0.0148;0.009556;0.009429021;0.019070173;0.011621639
642;0.01;0.00389;0.007872;0.010414791;0.01478;0.009722;0.009347106;0.018656014;0.011604319
643;0.01;0.003868;0.007866;0.010455318;0.01477;0.009921;0.009246649;0.01820743;0.011597417
644;0.0101;0.003853;0.007862;0.010518376;0.014771;0.010155;0.009146193;0.017758846;0.011590515
645;0.0102;0.003844;0.00786;0.010605513;0.014784;0.010424;0.009013333;0.017310975;0.011593215
646;0.0103;0.003851;0.007862;0.01071823;0.014811;0.010727;0.008880473;0.016863103;0.011595916
647;0.0104;0.003874;0.007869;0.01085806;0.014853;0.011059;0.008776059;0.016449609;0.011623111
648;0.0105;0.003915;0.007887;0.01102652;0.014911;0.011411;0.008671645;0.016036116;0.011650307
649;0.0107;0.00398;0.00794;0.0112253;0.014987;0.011774;0.008647467;0.015689199;0.011732596
650;0.0109;0.004073;0.008016;0.011456296;0.015083;0.012133;0.008623289;0.015342282;0.011814885
651;0.0111;0.004202;0.008116;0.011721214;0.015198;0.012471;0.008692496;0.015111314;0.011992945
652;0.0113;0.004371;0.008245;0.012022015;0.015336;0.012773;0.008761704;0.014880346;0.012171005
653;0.0115;0.004586;0.008397;0.012360798;0.015497;0.013028;0.008999705;0.014778108;0.012438754
654;0.0118;0.004844;0.008584;0.012739113;0.015685;0.01323;0.009237705;0.014675871;0.012706503
655;0.0121;0.005148;0.008824;0.013159109;0.0159;0.013385;0.009684118;0.01472282;0.013081786
656;0.0123;0.005492;0.009112;0.013622823;0.016144;0.013505;0.010130532;0.014769769;0.013457069
657;0.0127;0.005879;0.009426;0.014131504;0.016422;0.013609;0.010750944;0.014974577;0.013924243
658;0.013;0.006301;0.009759;0.014686179;0.016731;0.013718;0.011371356;0.015179385;0.014391418
659;0.0134;0.006757;0.010101;0.015287559;0.01708;0.013852;0.012130122;0.015538943;0.014901355
660;0.0138;0.007241;0.010456;0.015935406;0.017465;0.01403;0.012888887;0.0158985;0.015411293
661;0.0143;0.007733;0.010831;0.016627446;0.01789;0.014268;0.013806325;0.016396158;0.015990958
662;0.0148;0.00823;0.01123;0.017360408;0.018358;0.014574;0.014723763;0.016893816;0.016570623
663;0.0154;0.008733;0.011653;0.018129552;0.018864;0.014958;0.015744914;0.017479375;0.017222405
664;0.0159;0.009269;0.012107;0.018927768;0.019416;0.015423;0.016766064;0.018064933;0.017874188
665;0.0166;0.009809;0.012586;0.019743522;0.020001;0.015969;0.01774236;0.018698349;0.018596706
666;0.0172;0.010309;0.013101;0.020563226;0.020623;0.016594;0.018718656;0.019331765;0.019319225
667;0.0178;0.010779;0.013632;0.021370764;0.021272;0.017291;0.019615553;0.019970017;0.020060188
668;0.0184;0.011217;0.014132;0.022146228;0.021932;0.018049;0.02051245;0.020608269;0.020801151
669;0.0191;0.011617;0.014589;0.022867024;0.022601;0.018851;0.021271742;0.021205357;0.02145736
670;0.0196;0.011975;0.015004;0.023509294;0.023246;0.019675;0.022031034;0.021802446;0.022113569
671;0.0201;0.012293;0.015354;0.024049022;0.02386;0.020491;0.02259561;0.022292006;0.022554572
672;0.0205;0.012571;0.015632;0.024463614;0.024413;0.021264;0.023160186;0.022781567;0.022995574
673;0.0208;0.012785;0.015855;0.02473411;0.024876;0.021954;0.023513001;0.023142548;0.023289222
674;0.021;0.01291;0.01603;0.024846922;0.025231;0.02252;0.023865816;0.023503529;0.02358287
675;0.0211;0.012955;0.016164;0.02479573;0.025457;0.022921;0.023882908;0.023701765;0.023741435
676;0.021;0.012943;0.01625;0.024581324;0.025538;0.023127;0.0239;0.0239;0.0239
677;0.0208;0.012866;0.016285;0.024211446;0.025469;0.023116;0.023503908;0.023891918;0.023906179
678;0.0204;0.012712;0.016273;0.02370158;0.025253;0.022884;0.023107816;0.023883835;0.023912357
679;0.02;0.012472;0.016168;0.023070686;0.024899;0.02244;0.022372063;0.023616459;0.023719271
680;0.0194;0.012148;0.01596;0.022340884;0.024423;0.021807;0.021636311;0.023349083;0.023526185
681;0.0188;0.011739;0.015634;0.021536822;0.023852;0.021019;0.020556376;0.022795733;0.022912139
682;0.0181;0.011259;0.015185;0.020681094;0.023199;0.020115;0.019476441;0.022242382;0.022298092
683;0.0173;0.010691;0.014643;0.019794872;0.022504;0.019132;0.018136662;0.021442868;0.0214416
684;0.0166;0.010051;0.014048;0.018896958;0.021772;0.018109;0.016796884;0.020643354;0.020585108
685;0.0158;0.009364;0.013328;0.01800331;0.021032;0.017075;0.015433069;0.019655479;0.019517798
686;0.0151;0.008644;0.012517;0.01712641;0.0203;0.016056;0.014069253;0.018667605;0.018450488
687;0.0144;0.007921;0.011705;0.016274948;0.019578;0.015069;0.012745371;0.017560844;0.017253492
688;0.0137;0.007196;0.010894;0.015455892;0.018891;0.014128;0.01142149;0.016454082;0.016056495
689;0.013;0.006471;0.010082;0.014674471;0.018227;0.013239;0.010199344;0.01530958;0.014860447
690;0.0124;0.00579;0.009271;0.013932803;0.017602;0.012408;0.008977198;0.014165078;0.013664399
691;0.0118;0.005162;0.008474;0.013232121;0.017013;0.011634;0.007968777;0.013106174;0.012518744
692;0.0113;0.004574;0.007703;0.012572929;0.016458;0.010919;0.006960355;0.01204727;0.011373089
693;0.0108;0.004046;0.006963;0.011954754;0.015946;0.010259;0.006130133;0.011073813;0.010355594
694;0.0103;0.003581;0.006296;0.011376063;0.015461;0.009651;0.00529991;0.010100356;0.009338099
695;0.0099;0.003174;0.005675;0.010834724;0.015015;0.009093;0.004659167;0.009225583;0.008435034
696;0.0095;0.002813;0.005066;0.010329013;0.014598;0.008579;0.004018425;0.008350809;0.007531968
697;0.0091;0.002499;0.004524;0.009857035;0.01421;0.008108;0.003597085;0.007618931;0.006807115
698;0.0088;0.002233;0.004116;0.009416579;0.013852;0.007675;0.003175746;0.006887053;0.006082262
699;0.0084;0.002005;0.003732;0.00900551;0.013514;0.007276;0.002882045;0.00626868;0.005517959
700;0.0081;0.001808;0.003348;0.008621823;0.013204;0.00691;0.002588343;0.005650307;0.004953657
701;0.007914;0.001639;0.002964;0.008263526;0.012913;0.006572;0.002343253;0.005154452;0.004517603
702;0.007724;0.001495;0.002581;0.007928772;0.012641;0.00626;0.002098164;0.004658597;0.004081549
703;0.00753;0.001371;0.002197;0.007615742;0.012389;0.005973;0.001921738;0.004257677;0.003730509
704;0.007332;0.001264;0.001813;0.007322826;0.012151;0.005707;0.001745311;0.003856758;0.00337947
705;0.00713;0.001173;0.001429;0.007048522;0.01193;0.00546;0.001614914;0.003528151;0.003091743
706;0.006926;0.001096;0.001045;0.006791519;0.011722;0.005231;0.001484517;0.003199544;0.002804016
707;0.006719;0.001032;0.000661;0.006550411;0.011526;0.005019;0.001400687;0.002926071;0.00256435
708;0.006509;0.00098;0.000297;0.006323903;0.011343;0.004821;0.001316857;0.002652599;0.002324685
709;0.006297;0.000934;7.30E-05;0.006110919;0.011169;0.004637;0.001260122;0.002426457;0.002126499
710;0.006084;0.000892;0;0.005910527;0.011006;0.004465;0.001203386;0.002200315;0.001928312
711;0.005869;0.000855;0;0.005721828;0.010851;0.004305;0.001149741;0.002013211;0.001764338
712;0.005653;0.000822;0;0.005543746;0.010705;0.004154;0.001096097;0.001826108;0.001600364
713;0.005437;0.000793;0;0.005375587;0.010567;0.004013;0.001054274;0.001671221;0.001464624
714;0.00522;0.000766;0;0.005216812;0.010434;0.003881;0.001012451;0.001516335;0.001328885
715;0.005002;0.000743;0;0.005066665;0.01031;0.003756;0.000978897;0.00138805;0.001216459
716;0.004786;0.000723;0;0.004924418;0.010191;0.003639;0.000945343;0.001259765;0.001104033
717;0.00457;0.000706;0;0.004789549;0.010078;0.003529;0.000925964;0.001153457;0.001010867
718;0.004354;0.000691;0;0.0046616;0.00997;0.003425;0.000906585;0.001047149;0.000917701
719;0.004141;0.000677;0;0.004540098;0.009865;0.003327;0.000886383;0.000959007;0.000840455
720;0.003928;0.000661;0;0.004424616;0.009768;0.003234;0.00086618;0.000870865;0.000763209
721;0.003718;0.000645;0;0.004314759;0.009672;0.003146;0.00086618;0.000870865;0.000763209
722;0.00351;0.00063;0;0.004210163;0.009582;0.003062;0.00086618;0.000870865;0.000763209
723;0.003305;0.000615;0;0.004110449;0.009494;0.002983;0.00086618;0.000870865;0.000763209
724;0.003103;0.000602;0;0.00401527;0.00941;0.002908;0.00086618;0.000870865;0.000763209
725;0.002904;0.000589;0;0.003924404;0.00933;0.002836;0.00086618;0.000870865;0.000763209
726;0.002709;0.00057;0;0.003837567;0.009251;0.002768;0.00086618;0.000870865;0.000763209
727;0.002517;0.000549;0;0.003754522;0.009177;0.002703;0.00086618;0.000870865;0.000763209
728;0.00233;0.000532;0;0.003675033;0.009104;0.002641;0.00086618;0.000870865;0.000763209
729;0.002148;0.000519;0;0.003598877;0.009034;0.002582;0.00086618;0.000870865;0.000763209
730;0.001971;0.00051;0;0.003525896;0.008967;0.002525;0.00086618;0.000870865;0.000763209
731;0.001799;0.000501;0;0.003455871;0.008901;0.002471;0.00086618;0.000870865;0.000763209
732;0.001633;0.00049;0;0.003388626;0.008838;0.002419;0.00086618;0.000870865;0.000763209
733;0.001473;0.00048;0;0.00332402;0.008776;0.00237;0.00086618;0.000870865;0.000763209
734;0.001319;0.000473;0;0.003261942;0.008717;0.002322;0.00086618;0.000870865;0.000763209
735;0.001172;0.000468;0;0.003202233;0.008659;0.002277;0.00086618;0.000870865;0.000763209
736;0.001032;0.000463;0;0.00314469;0.008603;0.002233;0.00086618;0.000870865;0.000763209
737;0.000899;0.000458;0;0.003089279;0.008548;0.002191;0.00086618;0.000870865;0.000763209
738;0.000774;0.000454;0;0.003035891;0.008495;0.00215;0.00086618;0.000870865;0.000763209
739;0.000657;0.00045;0;0.002984383;0.008443;0.002111;0.00086618;0.000870865;0.000763209
740;0.000549;0.000438;0;0.00293466;0.008393;0.002074;0.00086618;0.000870865;0.000763209
741;0.000449;0.000426;0;0.002886644;0.008343;0.002038;0.00086618;0.000870865;0.000763209
742;0.000359;0.000424;0;0.002840255;0.008296;0.002003;0.00086618;0.000870865;0.000763209
743;0.000277;0.000422;0;0.002795399;0.008248;0.001969;0.00086618;0.000870865;0.000763209
744;0.000206;0.000414;0;0.002752028;0.008203;0.001937;0.00086618;0.000870865;0.000763209
745;0.000144;0.000407;0;0.002710079;0.008158;0.001905;0.00086618;0.000870865;0.000763209
746;9.32E-05;0.000401;0;0.002669442;0.008114;0.001875;0.00086618;0.000870865;0.000763209
747;5.30E-05;0.000394;0;0.002630068;0.008072;0.001846;0.00086618;0.000870865;0.000763209
748;2.38E-05;0.000382;0;0.002591895;0.008029;0.001817;0.00086618;0.000870865;0.000763209
749;6.00E-06;0.000369;0;0.002554907;0.007989;0.00179;0.00086618;0.000870865;0.000763209
750;0;0.000361;0;0.00251901;0.007949;0.001763;0.00086618;0.000870865;0.000763209
751;0;0.000355;0;0.002484171;0.007909;0.001737;0.00086618;0.000870865;0.000763209
752;0;0.000351;0;0.002450375;0.007871;0.001713;0.00086618;0.000870865;0.000763209
753;0;0.000347;0;0.002417511;0.007833;0.001688;0.00086618;0.000870865;0.000763209
754;0;0.00034;0;0.002385579;0.007796;0.001665;0.00086618;0.000870865;0.000763209
755;0;0.000333;0;0.002354532;0.00776;0.001642;0.00086618;0.000870865;0.000763209
756;0;0.000328;0;0.002324354;0.007724;0.00162;0.00086618;0.000870865;0.000763209
757;0;0.000327;0;0.002294982;0.007689;0.001598;0.00086618;0.000870865;0.000763209
758;0;0.000328;0;0.002266384;0.007654;0.001577;0.00086618;0.000870865;0.000763209
759;0;0.00033;0;0.002238544;0.007621;0.001557;0.00086618;0.000870865;0.000763209
760;0;0.000331;0;0.002211415;0.007587;0.001537;0.00086618;0.000870865;0.000763209
761;0;0.00033;0;0.002184982;0.007554;0.001518;0.00086618;0.000870865;0.000763209
762;0;0.000324;0;0.002159212;0.007523;0.001499;0.00086618;0.000870865;0.000763209
763;0;0.000318;0;0.00213409;0.007491;0.001481;0.00086618;0.000870865;0.000763209
764;0;0.000317;0;0.002109584;0.00746;0.001463;0.00086618;0.000870865;0.000763209
765;0;0.000316;0;0.002085679;0.007429;0.001446;0.00086618;0.000870865;0.000763209
766;0;0.000313;0;0.002062342;0.007399;0.001429;0.00086618;0.000870865;0.000763209
767;0;0.000309;0;0.002039559;0.007369;0.001412;0.00086618;0.000870865;0.000763209
768;0;0.000302;0;0.002017312;0.007339;0.001396;0.00086618;0.000870865;0.000763209
769;0;0.000295;0;0.001995572;0.007311;0.001381;0.00086618;0.000870865;0.000763209
770;0;0.000294;0;0.001974321;0.007282;0.001365;0.00086618;0.000870865;0.000763209
771;0;0.000294;0;0.001953544;0.007254;0.00135;0.00086618;0.000870865;0.000763209
772;0;0.000281;0;0.001933225;0.007226;0.001336;0.00086618;0.000870865;0.000763209
773;0;0.00027;0;0.001913364;0.007199;0.001321;0.00086618;0.000870865;0.000763209
774;0;0.000271;0;0.00189393;0.007172;0.001307;0.00086618;0.000870865;0.000763209
775;0;0.000272;0;0.001874907;0.007145;0.001294;0.00086618;0.000870865;0.000763209
776;0;0.000271;0;0.001856295;0.007119;0.00128;0.00086618;0.000870865;0.000763209
777;0;0.00027;0;0.001838077;0.007093;0.001267;0.00086618;0.000870865;0.000763209
778;0;0.00027;0;0.001820239;0.007068;0.001255;0.00086618;0.000870865;0.000763209
779;0;0.00027;0;0.001802748;0.007043;0.001242;0.00086618;0.000870865;0.000763209
780;0;0.00027;0;0.001785605;0.007018;0.00123;0.00086618;0.000870865;0.000763209
781;0;0.00027;0;0.00176881;0.006993;0.001218;0.00086618;0.000870865;0.000763209
782;0;0.000281;0;0.001752378;0.006969;0.001206;0.00086618;0.000870865;0.000763209
783;0;0.000294;0;0.001736246;0.006945;0.001195;0.00086618;0.000870865;0.000763209
784;0;0.000293;0;0.00172043;0.006921;0.001183;0.00086618;0.000870865;0.000763209
785;0;0.000292;0;0.001704899;0.006897;0.001172;0.00086618;0.000870865;0.000763209
786;0;0.000294;0;0.001689668;0.006874;0.001162;0.00086618;0.000870865;0.000763209
787;0;0.000296;0;0.001674721;0.006851;0.001151;0.00086618;0.000870865;0.000763209
788;0;0.000302;0;0.001660059;0.006828;0.00114;0.00086618;0.000870865;0.000763209
789;0;0.000306;0;0.001645649;0.006806;0.00113;0.00086618;0.000870865;0.000763209
790;0;0.000301;0;0.001631508;0.006784;0.00112;0.00086618;0.000870865;0.000763209
791;0;0.000294;0;0.001617636;0.006762;0.00111;0.00086618;0.000870865;0.000763209
792;0;0.00029;0;0.001604;0.00674;0.001101;0.00086618;0.000870865;0.000763209
793;0;0.000286;0;0.001590602;0.006719;0.001091;0.00086618;0.000870865;0.000763209
794;0;0.000279;0;0.001577437;0.006698;0.001082;0.00086618;0.000870865;0.000763209
795;0;0.000272;0;0.0015645;0.006676;0.001073;0.00086618;0.000870865;0.000763209
796;0;0.000267;0;0.001551784;0.006656;0.001064;0.00086618;0.000870865;0.000763209
797;0;0.000261;0;0.001539282;0.006635;0.001055;0.00086618;0.000870865;0.000763209
798;0;0.000252;0;0.001526988;0.006615;0.001046;0.00086618;0.000870865;0.000763209
799;0;0.000243;0;0.001514898;0.006595;0.001038;0.00086618;0.000870865;0.000763209
